actual_weight,date,declar_horse_wt,draw,finish_time,horse_id,horse_name,horse_number,jockey,jockey_id,lbw,position,race_index,race_number,running_position,trainer,trainer_id,win_odds
127,2025-09-07,1080,7,68.67,HK_2023_J520,SPICY STANDARD,8,B Avdulla,AVB,-,1,6,6,3 3 1,J Size,SJJ,34
131,2025-09-07,1215,13,69.0,HK_2024_K097,AURORA PATCH,4,H Bowman,BH,2,2,6,6,8 6 2,K L Man,MKL,5.3
132,2025-09-07,1103,5,69.0,HK_2024_K296,INVINCIBLE IBIS,3,L Ferraris,FEL,2,3,6,6,6 4 3,M Newnham,NM,2.2
129,2025-09-07,1082,10,69.0,HK_2022_H349,GOOD FORTUNE,7,J Orman,OJM,2,4,6,6,5 5 4,P C Ng,NPC,149
118,2025-09-07,1107,8,69.1,HK_2022_H407,KING OBERON,12,E C W Wong,WEC,2-3/4,5,6,6,1 2 5,D J Whyte,WDJ,7.3
135,2025-09-07,1049,6,69.25,HK_2023_J231,SUNDAY'S SERENADE,1,K Teetan,TEK,3-1/2,6,6,6,9 9 6,J Richards,RW,80
131,2025-09-07,1094,3,69.36,HK_2024_K395,CHINA WIN,6,Z Purton,PZ,4-1/4,7,6,6,7 8 7,D A Hayes,HDA,6
120,2025-09-07,1095,11,69.54,HK_2024_K271,LEGEND STAR,13,A Atzeni,AA,5-1/2,8,6,6,13 12 8,C S Shum,SCS,43
121,2025-09-07,1149,1,69.62,HK_2020_E435,AWESOME TREASURE,5,P N Wong,WPN,6,9,6,6,2 1 9,D A Hayes,HDA,9.3
131,2025-09-07,1115,9,69.66,HK_2024_K260,ABSOLUTE HONOUR,2,Y L Chung,CCY,6-1/4,10,6,6,11 10 10,A S Cruz,CAS,181
126,2025-09-07,1029,14,69.74,HK_2023_J538,SMART TRIO,9,K C Leung,LDE,6-3/4,11,6,6,12 13 11,C W Chang,CCW,187
126,2025-09-07,1033,12,69.82,HK_2024_K029,YOUNG STRIKER,10,K De Melo,DMK,7-1/4,12,6,6,14 14 12,W Y So,SWY,214
124,2025-09-07,1063,2,69.93,HK_2024_K049,NO OTHER CHOICE,11,R Kingscote,KRW,7-3/4,13,6,6,10 11 13,C Fownes,FC,89
119,2025-09-07,1190,4,70.38,HK_2022_H487,CIRCUIT VICTORY,14,M F Poon,PMF,10-3/4,14,6,6,4 7 14,K L Man,MKL,16
122,2025-09-07,1004,14,69.18,HK_2020_E413,YOU'REMYEVERYTHING,12,K C Leung,LDE,-,1,1,1,12 12 1,C W Chang,CCW,6.5
128,2025-09-07,1090,10,69.27,HK_2022_H108,SPEEDY SMARTIE,9,K Teetan,TEK,1/2,2,1,1,3 2 2,B Crawford,CBJ,3.5
120,2025-09-07,1114,13,69.34,HK_2022_H144,SONIC BOOM,14,M Chadwick,CML,1,3,1,1,9 7 3,W K Mo,MWK,23
133,2025-09-07,1061,7,69.35,HK_2024_K028,ORIENTAL SURPRISE,4,L Ferraris,FEL,1,4,1,1,8 9 4,D A Hayes,HDA,10
133,2025-09-07,1156,4,69.46,HK_2024_K052,NOBLE DELUXE,3,J Orman,OJM,1-3/4,5,1,1,1 1 5,J Size,SJJ,12
116,2025-09-07,1098,9,69.48,HK_2023_J144,FAIRY HORSE,13,E C W Wong,WEC,1-3/4,6,1,1,14 14 6,C Fownes,FC,13
132,2025-09-07,1169,6,69.49,HK_2023_J441,BRILLIANT FIRE,6,H Bowman,BH,2,7,1,1,5 6 7,D J Whyte,WDJ,38
133,2025-09-07,1161,11,69.53,HK_2023_J171,SUNNY DARLING,5,B Avdulla,AVB,2-1/4,8,1,1,6 4 8,P C Ng,NPC,28
114,2025-09-07,1072,2,69.54,HK_2022_H247,SUPER ELITE,11,P N Wong,WPN,2-1/4,9,1,1,4 5 9,D J Hall,HAD,6.7
135,2025-09-07,1145,12,69.75,HK_2023_J471,FLYING AKEED,1,H Bentley,BHW,3-1/2,10,1,1,11 10 10,K L Man,MKL,73
128,2025-09-07,1079,3,69.8,HK_2022_H465,THE CONCENTRATION,10,M F Poon,PMF,4,11,1,1,13 13 11,P F Yiu,YPF,7.5
128,2025-09-07,1077,1,70.05,HK_2023_J065,MANYTHANKS FOREVER,8,D Probert,PDF,5-1/2,12,1,1,7 8 12,W Y So,SWY,14
133,2025-09-07,1182,5,70.13,HK_2019_D090,COLONEL,2,A Atzeni,AA,6,13,1,1,2 3 13,J Richards,RW,28
130,2025-09-07,1064,8,70.17,HK_2024_K115,BINGO BABE,7,R Kingscote,KRW,6-1/4,14,1,1,10 11 14,Y S Tsui,TYS,41
124,2025-09-07,1092,7,94.85,HK_2020_E488,PERFECT PEACH,10,Z Purton,PZ,-,1,2,2,7 5 3 1,C W Chang,CCW,6.8
122,2025-09-07,1004,5,94.97,HK_2022_H447,FAMILY FORTUNE,12,C Y Ho,HCY,3/4,2,2,2,9 10 10 2,C Fownes,FC,6.4
120,2025-09-07,1084,13,94.98,HK_2022_H386,MR ALADDIN,14,M Chadwick,CML,3/4,3,2,2,14 13 11 3,P C Ng,NPC,11
126,2025-09-07,1051,9,95.38,HK_2023_J169,APOLAR FIGHTER,7,B Avdulla,AVB,3-1/4,4,2,2,10 9 7 4,D Eustace,EDJ,13
129,2025-09-07,1187,12,95.49,HK_2023_J115,DRACO,5,K C Leung,LDE,4,5,2,2,4 3 2 5,P F Yiu,YPF,6.1
121,2025-09-07,1036,6,95.5,HK_2019_D241,SUPER HONG KONG,13,K Teetan,TEK,4,6,2,2,13 14 14 6,C H Yip,YCH,27
130,2025-09-07,1123,3,95.59,HK_2021_G477,SMART BEAUTY,1,Y L Chung,CCY,4-3/4,7,2,2,8 8 6 7,A S Cruz,CAS,12
126,2025-09-07,1100,2,95.6,HK_2022_H196,GO GO GO,8,J Orman,OJM,4-3/4,8,2,2,6 7 5 8,W Y So,SWY,10
126,2025-09-07,1024,14,95.63,HK_2023_J252,SMASHING EXPRESS,9,M F Poon,PMF,4-3/4,9,2,2,12 12 13 9,J Size,SJJ,15
131,2025-09-07,1059,11,95.76,HK_2022_H253,CERVIN,2,K De Melo,DMK,5-3/4,10,2,2,11 11 12 10,W Y So,SWY,16
130,2025-09-07,1132,8,95.79,HK_2023_J105,HAKKA RADIANCE,4,A Atzeni,AA,5-3/4,11,2,2,1 1 1 11,C S Shum,SCS,8.4
129,2025-09-07,1127,4,96.0,HK_2022_H034,LEATHER MASTER,6,A Badel,BA,7-1/4,12,2,2,3 4 8 12,K L Man,MKL,14
130,2025-09-07,1024,10,96.45,HK_2020_E448,GOLDEN FAIRY,3,H Bentley,BHW,10,13,2,2,2 2 4 13,W Y So,SWY,30
123,2025-09-07,1125,1,96.98,HK_2021_G301,COLOURFUL BARON,11,L Hewitson,HEL,13-1/4,14,2,2,5 6 9 14,D J Whyte,WDJ,43
135,2025-09-07,1187,13,56.09,HK_2024_K180,SUPER STRONG KID,3,Z Purton,PZ,-,1,4,4,2 2 1,K L Man,MKL,1.4
124,2025-09-07,1057,7,56.21,HK_2023_J498,RISING PHOENIX,12,B Avdulla,AVB,3/4,2,4,4,9 5 2,D J Hall,HAD,9.2
133,2025-09-07,1061,12,56.42,HK_2022_H405,PARENTS' LOVE,2,Y L Chung,CCY,2,3,4,4,1 1 3,A S Cruz,CAS,8.4
117,2025-09-07,1191,9,81.17,HK_2023_J420,MARKWIN,8,H Bentley,BHW,-,1,8,8,6 7 6 1,W K Mo,MWK,4.4
134,2025-09-07,1090,11,56.62,HK_2024_K268,WATCH THIS ONE,5,M F Poon,PMF,3-1/4,4,4,4,4 4 4,P C Ng,NPC,104
122,2025-09-07,1029,8,56.65,HK_2023_J299,BEAUTY THUNDER,13,A Badel,BA,3-1/2,5,4,4,3 3 5,W K Mo,MWK,21
126,2025-09-07,1195,9,56.71,HK_2024_K323,SUPERB GUY,10,R Kingscote,KRW,3-3/4,6,4,4,12 7 6,K W Lui,LKW,104
116,2025-09-07,1150,5,56.82,HK_2022_H347,RUBY SAILING,14,M L Yeung,YML,4-1/2,7,4,4,5 6 7,K L Man,MKL,14
128,2025-09-07,1154,6,57.08,HK_2022_H442,AMAZING FUN,6,M Chadwick,CML,6-1/4,8,4,4,11 10 8,C H Yip,YCH,51
124,2025-09-07,1102,14,57.24,HK_2024_K399,HAPPY ACTION,11,K Teetan,TEK,7-1/4,9,4,4,10 12 9,D A Hayes,HDA,171
125,2025-09-07,1122,2,57.28,HK_2019_D489,CARROLL STREET,1,P N Wong,WPN,7-1/2,10 DH,4,4,13 14 10,D J Whyte,WDJ,10
123,2025-09-07,1152,8,81.4,HK_2022_H459,THE HEIR,6,C Y Ho,HCY,-,1,5,5,9 11 11 1,C Fownes,FC,4.4
117,2025-09-07,1103,6,81.42,HK_2023_J152,GALE SAGA,13,K Teetan,TEK,SH,2,5,5,10 10 8 2,P C Ng,NPC,19
133,2025-09-07,1016,7,81.6,HK_2023_J444,DO YOUR PART,2,K De Melo,DMK,1-1/4,3,5,5,2 2 2 3,K W Lui,LKW,3.3
126,2025-09-07,1090,14,81.67,HK_2024_K039,ABSOLUTE AWAKENED,3,A Badel,BA,1-3/4,4,5,5,13 13 13 4,F C Lor,LFC,110
117,2025-09-07,1074,10,81.88,HK_2021_G427,SPANGLE FORTUNE,14,M F Poon,PMF,3,5,5,5,7 8 9 5,K L Man,MKL,63
120,2025-09-07,1294,3,82.21,HK_2023_J542,SIGHT DREAMER,12,A Atzeni,AA,5,6,5,5,8 7 6 6,J Size,SJJ,8.7
116,2025-09-07,1182,2,81.26,HK_2022_H175,CHIU CHOW SPIRIT,7,A Badel,BA,1/2,2,8,8,9 10 8 2,K L Man,MKL,6
134,2025-09-07,1086,6,81.31,HK_2023_J245,PRAY FOR MIR,2,M Chadwick,CML,3/4,3,8,8,3 3 3 3,W K Mo,MWK,10
135,2025-09-07,1171,10,81.32,HK_2023_J358,FAST NETWORK,1,Z Purton,PZ,3/4,4,8,8,2 2 2 4,C H Yip,YCH,2.9
116,2025-09-07,1154,1,81.44,HK_2024_K082,MICKLEY,9,A Atzeni,AA,1-3/4,5,8,8,8 9 9 5,J Size,SJJ,9
123,2025-09-07,1030,8,81.64,HK_2022_H164,TAJ DRAGON,3,E C W Wong,WEC,3,6,8,8,10 8 10 6,P C Ng,NPC,29
128,2025-09-07,1115,4,81.72,HK_2023_J195,YOUNG CHAMPION,4,B Avdulla,AVB,3-1/2,7,8,8,5 4 4 7,J Size,SJJ,8
127,2025-09-07,1170,3,81.78,HK_2019_D435,HEALTHY HAPPY,5,K Teetan,TEK,3-3/4,8,8,8,1 1 1 8,F C Lor,LFC,11
118,2025-09-07,1113,7,81.79,HK_2021_G455,WONDER KIT,6,L Hewitson,HEL,3-3/4,9,8,8,4 5 5 9,K W Lui,LKW,69
135,2025-09-07,1153,4,67.63,HK_2023_J062,KA YING RISING,1,Z Purton,PZ,-,1,3,3,2 2 1,D A Hayes,HDA,1
126,2025-09-07,1206,5,67.98,HK_2021_G180,LUCKY SWEYNESSE,2,K C Leung,LDE,2-1/4,2,3,3,7 7 2,K L Man,MKL,29
113,2025-09-07,1115,6,68.11,HK_2023_J142,DIVANO,10,Y L Chung,CCY,3,3,3,3,12 9 3,K W Lui,LKW,113
105,2025-09-07,1163,11,68.21,HK_2023_J008,GORGEOUS WIN,11,P N Wong,WPN,3-3/4,4,3,3,10 11 4,C S Shum,SCS,73
115,2025-09-07,1034,7,68.26,HK_2023_J316,BOTTOMUPTOGETHER,9,M F Poon,PMF,4,5,3,3,1 1 5,F C Lor,LFC,57
115,2025-09-07,1105,1,68.33,HK_2022_H368,RAGING BLIZZARD,7,M L Yeung,YML,4-1/2,6,3,3,9 8 6,J Size,SJJ,48
115,2025-09-07,1191,3,68.36,HK_2022_H294,BEAUTY WAVES,4,A Badel,BA,4-1/2,7,3,3,4 3 7,A S Cruz,CAS,9.1
128,2025-09-07,1119,10,57.28,HK_2024_K437,OWNERS' SUNSHINE,8,K De Melo,DMK,7-1/2,10 DH,4,4,14 9 10,W Y So,SWY,52
134,2025-09-07,1150,1,57.48,HK_2024_K207,STAR PERFORMER,4,L Ferraris,FEL,8-3/4,12,4,4,6 8 12,M Newnham,NM,114
127,2025-09-07,1142,4,57.63,HK_2024_K412,DR GOLDEN GENERAL,7,J Orman,OJM,9-1/2,13,4,4,8 11 13,J Size,SJJ,111
126,2025-09-07,1130,3,58.52,HK_2024_K431,FLASH STAR,9,K C Leung,LDE,15-1/4,14,4,4,7 13 14,C S Shum,SCS,143
121,2025-09-07,1066,9,82.22,HK_2024_K305,BULL ATTITUDE,10,L Hewitson,HEL,5-1/4,7,5,5,5 5 4 7,M Newnham,NM,7.3
135,2025-09-07,1059,13,82.33,HK_2024_K364,CALIFORNIA BAY,1,B Avdulla,AVB,5-3/4,8,5,5,1 1 1 8,A S Cruz,CAS,10
124,2025-09-07,1156,1,82.41,HK_2024_K273,ONE AND ONLY,5,K C Leung,LDE,6-1/4,9,5,5,3 4 5 9,W K Mo,MWK,135
122,2025-09-07,1084,2,82.76,HK_2023_J392,CARRYON SMILING,7,R Kingscote,KRW,8-1/2,10,5,5,12 9 10 10,W Y So,SWY,15
120,2025-09-07,1162,11,82.84,HK_2023_J529,YIU CHEUNG VICTORY,9,Y L Chung,CCY,9,11,5,5,11 12 12 11,C H Yip,YCH,86
121,2025-09-07,1118,12,82.94,HK_2023_J315,LUCKY MAN,11,L Ferraris,FEL,9-3/4,12,5,5,4 3 3 12,D A Hayes,HDA,8.6
126,2025-09-07,1255,5,84.32,HK_2024_K420,SUNSET TRAIL,4,Z Purton,PZ,18-1/4,13,5,5,6 6 7 13,D Eustace,EDJ,15
117,2025-09-07,1030,4,90.31,HK_2024_K299,CASA RUBICK,8,E C W Wong,WEC,55-3/4,14,5,5,14 14 14 14,J Richards,RW,240
115,2025-09-07,1160,5,82.27,HK_2023_J133,MUST GO,10,M L Yeung,YML,7,10,8,8,7 6 7 10,J Size,SJJ,105
113,2025-09-07,,,,HK_2020_E379,THE GOLDEN SCENERY,11,Y L Chung,CCY,,WV,8,8,,A S Cruz,CAS,
117,2025-09-07,1106,2,68.37,HK_2022_H408,COPARTNER PRANCE,6,K De Melo,DMK,4-3/4,8,3,3,6 4 8,K W Lui,LKW,81
116,2025-09-07,1218,10,68.55,HK_2020_E356,LUCKY WITH YOU,3,A Atzeni,AA,5-3/4,9,3,3,8 10 9,F C Lor,LFC,58
115,2025-09-07,1093,8,68.69,HK_2021_G404,VICTOR THE WINNER,5,H Bentley,BHW,6-3/4,10,3,3,5 5 10,D Eustace,EDJ,63
115,2025-09-07,1062,9,68.73,HK_2023_J333,MAGIC CONTROL,8,M Chadwick,CML,7,11,3,3,11 12 11,W K Mo,MWK,96
115,2025-09-07,1209,12,68.79,HK_2020_E061,HARMONY N BLESSED,12,K Teetan,TEK,7-1/4,12,3,3,3 6 12,D A Hayes,HDA,47
121,2025-09-07,1100,12,69.52,HK_2023_J515,GROOVY FEELING,11,Z Purton,PZ,-,1,7,7,10 8 1,J Richards,RW,5.5
130,2025-09-07,1135,8,69.55,HK_2024_K240,VICTORY CHAMPION,4,K C Leung,LDE,N,2,7,7,14 14 2,F C Lor,LFC,87
125,2025-09-07,1135,7,69.68,HK_2024_K038,NOBLE FANS,9,M Chadwick,CML,1,3,7,7,6 6 3,J Size,SJJ,12
128,2025-09-07,1236,10,69.68,HK_2023_J439,KA YING RESILIENCE,7,K Teetan,TEK,1,4,7,7,1 1 4,D A Hayes,HDA,4.1
118,2025-09-07,1144,3,69.72,HK_2023_J521,LUCKY STATEMENT,12,Y L Chung,CCY,1-1/4,5,7,7,7 7 5,K L Man,MKL,43
135,2025-09-07,1105,9,69.84,HK_2021_G451,CALIFORNIA DEEPLY,1,B Avdulla,AVB,2,6,7,7,13 13 6,A S Cruz,CAS,11
109,2025-09-07,1191,11,69.86,HK_2022_H476,PATCH OF WATCH,14,P N Wong,WPN,2,7,7,7,2 2 7,K L Man,MKL,15
132,2025-09-07,1173,5,70.0,HK_2023_J364,FANTASTIC FUN,2,H Bowman,BH,3,8,7,7,12 12 8,C S Shum,SCS,12
123,2025-09-07,1195,8,68.38,HK_2024_K218,BULB GENERAL,11,Z Purton,PZ,-,1,9,9,5 5 1,J Richards,RW,1.8
129,2025-09-07,1032,4,70.05,HK_2023_J477,NEWBORN MIRACLE,6,R Kingscote,KRW,3-1/4,9,7,7,3 5 9,P F Yiu,YPF,13
131,2025-09-07,1094,1,70.12,HK_2023_J359,LOVING VIBES,3,L Ferraris,FEL,3-3/4,10,7,7,5 4 10,K W Lui,LKW,11
121,2025-09-07,1165,13,70.13,HK_2023_J312,COLOURFUL WINNER,10,M L Yeung,YML,3-3/4,11,7,7,4 3 11,W Y So,SWY,5.3
128,2025-09-07,1066,14,70.59,HK_2022_H343,SEA SAPPHIRE,8,A Atzeni,AA,6-3/4,12,7,7,8 11 12,D Eustace,EDJ,26
120,2025-09-07,1121,6,71.02,HK_2023_J146,YODA'S CHOICE,13,H Bentley,BHW,9-1/4,13,7,7,11 10 13,P C Ng,NPC,24
129,2025-09-07,1095,2,71.8,HK_2024_K090,CONSPIRATOR,5,J Orman,OJM,14-1/4,14,7,7,9 9 14,M Newnham,NM,155
123,2025-09-07,1090,5,68.64,HK_2024_K234,AKASHVANI,10,L Hewitson,HEL,1-1/2,2,9,9,6 6 2,D A Hayes,HDA,4.5
128,2025-09-07,1003,11,68.99,HK_2021_G209,RISING FROM ASHES,5,J Orman,OJM,3-3/4,3,9,9,12 12 3,C W Chang,CCW,54
125,2025-09-07,1222,10,69.01,HK_2023_J531,WONDERSTAR,9,M Chadwick,CML,4,4,9,9,2 2 4,Y S Tsui,TYS,22
120,2025-09-07,1127,6,69.44,HK_2024_K311,TIER FLY,12,M F Poon,PMF,6-1/2,5,9,9,9 9 5,K L Man,MKL,41
126,2025-09-07,1215,7,69.45,HK_2023_J233,LO PAN SPIRIT,8,K Teetan,TEK,6-3/4,6,9,9,7 8 6,K H Ting,TKH,12
125,2025-09-07,1078,3,69.46,HK_2022_H364,SUPER LEGENDS,7,H T Mo,MHT,6-3/4,7,9,9,8 7 7,C S Shum,SCS,57
133,2025-09-07,1083,2,69.49,HK_2024_K369,INFINITE RESOLVE,1,L Ferraris,FEL,7,8,9,9,4 4 8,M Newnham,NM,16
127,2025-09-07,1122,1,69.73,HK_2024_K249,JUMBO TREASURE,6,K C Leung,LDE,8-1/2,9,9,9,1 1 9,W K Mo,MWK,7.5
131,2025-09-07,1145,9,69.86,HK_2023_J489,TRIUMPHANT MORE,2,A Badel,BA,9-1/4,10,9,9,11 11 10,F C Lor,LFC,94
129,2025-09-07,1098,12,69.97,HK_2024_K495,OTOKOMAE,3,D Probert,PDF,10,11,9,9,10 10 11,C H Yip,YCH,162
127,2025-09-07,1155,4,70.94,HK_2023_J400,YOUNG SUPERSTAR,4,Y L Chung,CCY,16,12,9,9,3 3 12,A S Cruz,CAS,18
131,2025-09-10,1192,9,100.3,HK_2024_K306,SUPER SICARIO,2,H Bowman,BH,-,1,12,2,1 1 1 1,C Fownes,FC,5.6
120,2025-09-10,1121,1,100.44,HK_2023_J003,PERFECTO MOMENTS,8,M L Yeung,YML,3/4,2,12,2,4 3 3 2,K H Ting,TKH,24
133,2025-09-10,1052,3,100.65,HK_2023_J193,WAH MAY WAI WAI,1,Z Purton,PZ,2-1/4,3,12,2,2 2 2 3,A S Cruz,CAS,3.4
121,2025-09-10,1015,8,100.72,HK_2021_H011,COOL BLUE,7,M Chadwick,CML,2-1/2,4,12,2,8 8 7 4,W Y So,SWY,16
123,2025-09-10,1061,4,100.75,HK_2022_H332,HARRY'S HERO,6,R Kingscote,KRW,2-3/4,5,12,2,6 5 5 5,P F Yiu,YPF,5.1
120,2025-09-10,1142,7,101.31,HK_2021_G372,YEABOI,9,M F Poon,PMF,6-1/4,6,12,2,9 9 9 6,C W Chang,CCW,21
126,2025-09-10,1081,6,101.44,HK_2022_H196,GO GO GO,5,D Probert,PDF,7,7,12,2,7 7 8 7,W Y So,SWY,11
126,2025-09-10,1184,5,101.61,HK_2023_J058,FOREMOST TEDDY,4,J Orman,OJM,8-1/4,8,12,2,3 4 4 8,C S Shum,SCS,3.8
128,2025-09-10,1080,2,102.05,HK_2023_J409,EN PERFECTO,3,L Ferraris,FEL,11,9,12,2,5 6 6 9,C S Shum,SCS,19
123,2025-09-10,1010,6,100.42,HK_2021_G277,TO INFINITY,10,A Badel,BA,-,1,14,4,7 7 6 1,J Richards,RW,35
128,2025-09-10,1009,3,100.44,HK_2023_J384,MIGHTY STEED,5,C Y Ho,HCY,SH,2,14,4,4 3 3 2,K W Lui,LKW,1.9
125,2025-09-10,1075,1,100.61,HK_2024_K004,THE AUSPICIOUS,8,J Orman,OJM,1-1/4,3,14,4,6 6 7 3,Y S Tsui,TYS,6.9
126,2025-09-10,1181,8,100.62,HK_2021_G095,SETANTA,6,L Ferraris,FEL,1-1/4,4,14,4,9 9 9 4,M Newnham,NM,11
130,2025-09-10,1146,2,100.8,HK_2023_J098,TAKE ACTION,3,K Teetan,TEK,2-1/4,5,14,4,8 8 8 5,J Size,SJJ,22
129,2025-09-10,1094,4,101.06,HK_2021_G307,PRINCE ALEX,4,H Bentley,BHW,4,6,14,4,10 10 10 6,D J Whyte,WDJ,15
118,2025-09-10,1046,5,101.07,HK_2024_K059,CELESTIAL HARMONY,11,M L Yeung,YML,4,7,14,4,5 5 5 7,D A Hayes,HDA,9.3
125,2025-09-10,988,10,101.07,HK_2024_K290,GLORIOUS RYDER,7,L Hewitson,HEL,4,8,14,4,11 11 11 8,D Eustace,EDJ,169
133,2025-09-10,1137,9,101.16,HK_2024_K016,GOOD LUCK BABE,1,Y L Chung,CCY,4-1/2,9,14,4,1 1 1 9,A S Cruz,CAS,9.2
129,2025-09-10,1172,11,101.71,HK_2023_J093,SHANGHAI STYLE,2,E C W Wong,WEC,8,10,14,4,2 2 2 10,C S Shum,SCS,55
123,2025-09-10,1117,7,101.88,HK_2023_J162,SOARING BRONCO,9,B Avdulla,AVB,9,11,14,4,3 4 4 11,P C Ng,NPC,11
120,2025-09-10,1098,7,99.64,HK_2024_K226,WROTE A NEW PAGE,9,H Bentley,BHW,-,1,15,5,2 2 2 1,C S Shum,SCS,8.7
130,2025-09-10,1174,1,99.67,HK_2023_J298,HIGHLAND RAHY,2,Z Purton,PZ,SH,2,15,5,1 1 1 2,K W Lui,LKW,2.1
127,2025-09-10,1081,9,99.67,HK_2022_H381,I CAN,3,A Atzeni,AA,SH,3,15,5,7 7 7 3,P C Ng,NPC,44
133,2025-09-10,1079,10,99.82,HK_2023_J276,EMBRACES,1,C L Chau,CJE,1-1/4,4,15,5,11 10 11 4,W K Mo,MWK,12
118,2025-09-10,952,4,99.84,HK_2023_J494,CASA ROCHESTER,10,M Chadwick,CML,1-1/4,5,15,5,8 9 9 5,M Newnham,NM,17
121,2025-09-10,1058,3,99.85,HK_2022_H113,OUTGATE,6,Y L Chung,CCY,1-1/4,6,15,5,3 4 5 6,A S Cruz,CAS,7.6
122,2025-09-10,1192,2,100.08,HK_2022_H324,NOBLE PURSUIT,7,L Ferraris,FEL,2-3/4,7,15,5,4 3 4 7,C Fownes,FC,12
117,2025-09-10,1095,6,100.28,HK_2021_G138,S J TOURBILLON,8,E C W Wong,WEC,4,8,15,5,6 5 3 8,C H Yip,YCH,22
126,2025-09-10,1083,10,57.58,HK_2020_E175,HARMONY FIRE,9,L Ferraris,FEL,-,1,13,3,2 2 1,D J Whyte,WDJ,10
130,2025-09-10,1182,5,69.91,HK_2022_H317,DAN ATTACK,4,H Bowman,BH,-,1,11,1,8 7 1,D J Whyte,WDJ,3.8
123,2025-09-10,1010,5,100.39,HK_2023_J266,HARMONY GALAXY,5,B Avdulla,AVB,4-3/4,9,15,5,5 6 6 9,C S Shum,SCS,14
124,2025-09-10,1025,11,100.57,HK_2024_K425,GREY CHARGER,4,D Probert,PDF,5-3/4,10,15,5,10 11 10 10,D Eustace,EDJ,142
117,2025-09-10,1185,8,100.63,HK_2022_H070,SAMARKAND,11,K Teetan,TEK,6-1/4,11,15,5,9 8 8 11,D A Hayes,HDA,8.1
122,2025-09-07,1085,12,81.56,HK_2022_H334,BEAUTY CRESCENT,7,Y L Chung,CCY,-,1,10,10,1 1 1 1,A S Cruz,CAS,8.1
118,2025-09-07,1045,2,81.64,HK_2023_J091,KA YING SUPERB,13,M F Poon,PMF,1/2,2,10,10,5 5 6 2,W K Mo,MWK,19
120,2025-09-07,1039,5,81.68,HK_2024_K007,SPIRIT OF PEACE,11,A Atzeni,AA,3/4,3,10,10,7 9 7 3,J Size,SJJ,9.2
125,2025-09-07,1130,4,81.76,HK_2023_J039,ARMOUR WAR EAGLE,6,B Avdulla,AVB,1-1/4,4,10,10,10 10 10 4,M Newnham,NM,7.4
123,2025-09-07,1104,7,81.78,HK_2023_J249,TOP GUN,8,K Teetan,TEK,1-1/2,5,10,10,6 6 3 5,F C Lor,LFC,13
135,2025-09-07,1176,14,81.88,HK_2023_J343,PATCH OF STARS,1,Z Purton,PZ,2,6,10,10,3 2 2 6,K L Man,MKL,2.5
135,2025-09-10,1210,1,57.61,HK_2024_K266,MASTER CHAMPION,1,K Teetan,TEK,N,2,13,3,3 4 2,C S Shum,SCS,3.4
135,2025-09-10,1125,8,57.64,HK_2024_K324,MOON ROCKET,2,M F Poon,PMF,N,3,13,3,6 7 3,C S Shum,SCS,7.6
133,2025-09-10,1060,5,57.74,HK_2023_J323,GRAND NOVA,4,H Bowman,BH,1,4,13,3,8 8 4,J Size,SJJ,6.8
127,2025-09-10,1124,11,57.75,HK_2020_E432,SERGEANT PEPPER,7,K C Leung,LDE,1,5,13,3,5 3 5,Y S Tsui,TYS,22
129,2025-09-10,1080,3,57.77,HK_2023_J071,SUPER SIXTY,3,E C W Wong,WEC,1-1/4,6,13,3,7 6 6,C Fownes,FC,11
128,2025-09-10,1077,2,57.84,HK_2021_G400,PLENTIFUL,5,C L Chau,CJE,1-3/4,7,13,3,4 5 7,P C Ng,NPC,5.2
121,2025-09-10,1018,4,57.87,HK_2023_J545,HAPPY BOYS,12,L Hewitson,HEL,1-3/4,8,13,3,9 9 8,M Newnham,NM,5.8
122,2025-09-10,1083,3,70.02,HK_2022_H133,TALENTS SUPREMO,9,C L Chau,CJE,1/2,2,11,1,6 5 2,C S Shum,SCS,15
129,2025-09-10,1051,9,70.21,HK_2022_H297,RAGNARR,6,M F Poon,PMF,1-3/4,3,11,1,9 9 3,D J Hall,HAD,9.2
129,2025-09-10,1008,7,70.27,HK_2022_H292,WOODFIRE CHAMP,7,K C Leung,LDE,2-1/4,4,11,1,4 4 4,C W Chang,CCW,11
131,2025-09-10,1077,1,70.32,HK_2024_K073,LUCKY BLESSING,2,Y L Chung,CCY,2-1/2,5,11,1,1 1 5,W K Mo,MWK,4.3
123,2025-09-10,1063,11,70.44,HK_2023_J338,LUCKY GENERATIONS,10,J Orman,OJM,3-1/4,6,11,1,12 12 6,C Fownes,FC,16
124,2025-09-10,1138,2,70.48,HK_2023_J028,GLORIOUS EXPERT,8,H Bentley,BHW,3-1/2,7,11,1,3 3 7,K H Ting,TKH,10
117,2025-09-10,1056,12,70.51,HK_2023_J532,MACANESE MASTER,11,E C W Wong,WEC,3-3/4,8,11,1,7 8 8,Y S Tsui,TYS,162
121,2025-09-07,1108,9,81.96,HK_2022_H435,DEVAS TWELVE,10,M Chadwick,CML,2-1/2,7,10,10,2 3 4 7,W Y So,SWY,19
122,2025-09-07,1248,3,82.03,HK_2024_K428,WITHALLMYFAITH,9,M L Yeung,YML,3,8,10,10,9 7 8 8,D A Hayes,HDA,48
117,2025-09-07,1211,6,82.08,HK_2021_G223,ARIEL,4,P N Wong,WPN,3-1/4,9,10,10,4 4 5 9,D A Hayes,HDA,55
134,2025-09-07,1068,8,82.08,HK_2021_G173,ATULLIBIGEAL,2,H Bowman,BH,3-1/4,10,10,10,14 14 14 10,D J Hall,HAD,13
126,2025-09-07,1088,1,82.14,HK_2024_K313,POPE CODY,5,J Orman,OJM,3-3/4,11,10,10,8 8 9 11,Y S Tsui,TYS,8.9
119,2025-09-07,1208,10,82.23,HK_2020_E467,ORIENTAL SMOKE,12,K De Melo,DMK,4-1/4,12,10,10,12 12 12 12,D A Hayes,HDA,53
132,2025-09-07,1134,13,82.24,HK_2024_K367,ANODE,3,R Kingscote,KRW,4-1/4,13,10,10,11 13 13 13,C S Shum,SCS,181
124,2025-09-10,1070,9,58.28,HK_2023_J482,THOUSAND CUPS,11,M L Yeung,YML,4-1/2,9,13,3,1 1 9,A S Cruz,CAS,100
128,2025-09-10,1131,6,58.65,HK_2022_H068,CRYSTAL POWERFUL,6,A Atzeni,AA,6-3/4,10,13,3,11 11 10,W K Mo,MWK,36
126,2025-09-10,1088,12,58.77,HK_2024_K243,GALLANT REX,8,D Probert,PDF,7-1/2,11,13,3,12 12 11,D A Hayes,HDA,187
126,2025-09-10,1230,7,58.94,HK_2024_K372,ROMANTIC PARTY,10,R Kingscote,KRW,8-1/2,12,13,3,10 10 12,P F Yiu,YPF,147
120,2025-09-10,1128,8,70.66,HK_2023_J179,EVER SMART,12,A Badel,BA,4-3/4,9,11,1,11 10 9,F C Lor,LFC,7.2
134,2025-09-10,1066,6,70.74,HK_2023_J184,SUPER CHARIZZARD,1,Z Purton,PZ,5-1/4,10,11,1,2 2 10,M Newnham,NM,8.5
132,2025-09-10,1141,10,70.78,HK_2024_K053,NOBLE GO,3,B Avdulla,AVB,5-1/2,11,11,1,10 11 11,J Size,SJJ,78
130,2025-09-10,1083,4,71.25,HK_2023_J264,RUN YES RUN,5,M Chadwick,CML,8-1/4,12,11,1,5 6 12,W Y So,SWY,37
114,2025-09-07,1067,11,82.49,HK_2023_J015,FIGHTING MACHINE,14,E C W Wong,WEC,5-3/4,14,10,10,13 11 11 14,P C Ng,NPC,42
133,2025-09-10,1135,12,70.02,HK_2023_J490,BIENVENUE,2,Z Purton,PZ,-,1,17,7,4 3 1,D A Hayes,HDA,5.6
122,2025-09-10,1131,10,70.28,HK_2023_J290,FLYING WROTE,9,C L Chau,CJE,1-3/4,2,17,7,3 2 2,A S Cruz,CAS,3.5
120,2025-09-10,1177,7,70.29,HK_2024_K114,LUCKY SAM GOR,11,A Atzeni,AA,1-3/4,3,17,7,9 9 3,M Newnham,NM,3.4
132,2025-09-10,1132,11,70.37,HK_2021_G471,DENFIELD,4,B Avdulla,AVB,2-1/4,4,17,7,8 8 4,C S Shum,SCS,35
121,2025-09-10,1194,5,70.47,HK_2023_J375,VIGOR ELLEEGANT,10,Y L Chung,CCY,2-3/4,5,17,7,6 7 5,K L Man,MKL,25
127,2025-09-10,1077,9,70.52,HK_2024_K080,RUN RUN SMART,8,A Badel,BA,3-1/4,6,17,7,7 6 6,F C Lor,LFC,42
128,2025-09-10,1036,8,70.69,HK_2024_K017,THUNDER PRINCE,7,H Bowman,BH,4-1/4,7,17,7,10 11 7,W Y So,SWY,13
130,2025-09-10,1090,1,100.9,HK_2023_J079,VIVA GRACIOUSNESS,7,M Chadwick,CML,-,1,16,6,4 4 3 1,A S Cruz,CAS,7.1
128,2025-09-10,1063,3,70.7,HK_2023_J155,GREAT SPIRIT,6,M F Poon,PMF,4-1/4,8,17,7,5 5 8,C H Yip,YCH,14
120,2025-09-10,954,6,70.92,HK_2024_K135,METAL KING,12,K C Leung,LDE,5-3/4,9,17,7,11 10 9,K H Ting,TKH,67
133,2025-09-10,1070,4,71.08,HK_2022_H373,GLORY B,3,L Hewitson,HEL,6-3/4,10,17,7,1 1 10,D J Whyte,WDJ,6
132,2025-09-10,1155,2,71.28,HK_2023_J436,MOTOMAN,5,J Orman,OJM,8,11,17,7,2 4 11,P C Ng,NPC,23
135,2025-09-10,,,,HK_2023_J513,CHARMING BABE,1,C Y Ho,HCY,,WV-A,17,7,,P F Yiu,YPF,
135,2025-09-10,1130,7,101.11,HK_2022_H166,QUANTUM PATCH,1,H Bowman,BH,1-1/4,2,16,6,9 8 7 2,P C Ng,NPC,5.5
118,2025-09-10,1046,12,101.13,HK_2022_H358,YOUTH POWER,8,E C W Wong,WEC,1-1/2,3,16,6,1 1 1 3,D A Hayes,HDA,22
135,2025-09-10,1139,6,101.25,HK_2022_H207,STURDY RUBY,2,C Y Ho,HCY,2-1/4,4,16,6,11 10 10 4,K L Man,MKL,8.7
134,2025-09-10,1168,11,101.28,HK_2022_H233,NORTHERN BEAST,3,B Avdulla,AVB,2-1/4,5,16,6,3 3 4 5,D J Hall,HAD,30
131,2025-09-10,1050,9,101.34,HK_2023_J138,CHAIN OF GOLD,6,K C Leung,LDE,2-3/4,6,16,6,8 9 9 6,W K Mo,MWK,16
121,2025-09-10,1153,3,101.35,HK_2023_J183,FIREFOOT,9,A Badel,BA,2-3/4,7,16,6,5 5 5 7,W Y So,SWY,6.6
133,2025-09-10,1064,5,101.52,HK_2022_H481,SUPER UNICORN,5,Z Purton,PZ,3-3/4,8,16,6,6 7 6 8,M Newnham,NM,3.2
120,2025-09-10,1100,4,101.52,HK_2024_K211,WISEMAN,10,H Bentley,BHW,3-3/4,9,16,6,2 2 2 9,C S Shum,SCS,54
119,2025-09-10,1082,8,101.68,HK_2023_J258,SIGHT SUPREME,11,A Atzeni,AA,4-3/4,10,16,6,12 12 12 10,J Size,SJJ,68
118,2025-09-10,1082,2,101.69,HK_2023_J508,HAILTOTHEVICTORS,12,M F Poon,PMF,5,11,16,6,7 6 8 11,D Eustace,EDJ,20
133,2025-09-10,1271,10,101.73,HK_2022_H401,AMAZING RUN,4,K Teetan,TEK,5-1/4,12,16,6,10 11 11 12,D A Hayes,HDA,10
122,2025-09-10,1228,5,69.89,HK_2023_J237,STORMING DRAGON,6,B Avdulla,AVB,-,1,18,8,8 9 1,J Richards,RW,5.8
125,2025-09-10,1085,9,70.25,HK_2024_K258,REGAL GEM,5,K C Leung,LDE,2-1/4,2,18,8,9 8 2,F C Lor,LFC,12
118,2025-09-10,1130,4,70.29,HK_2024_K174,KING OF FIGHTERS,10,A Badel,BA,2-1/2,3,18,8,11 10 3,A S Cruz,CAS,6.2
118,2025-09-10,1078,7,70.3,HK_2023_J396,THRIVING BROTHERS,11,M Chadwick,CML,2-1/2,4,18,8,5 7 4,C H Yip,YCH,10
135,2025-09-10,1175,12,70.37,HK_2023_J317,DRAGON FOUR SEAS,1,Z Purton,PZ,3,5,18,8,2 2 5,K L Man,MKL,10
119,2025-09-10,1031,11,70.52,HK_2023_J393,VICTOR THE RAPID,9,C L Chau,CJE,4,6,18,8,12 12 6,P C Ng,NPC,13
132,2025-09-10,1090,6,70.53,HK_2020_E301,POWER KOEPP,2,H Bowman,BH,4,7,18,8,10 11 7,M Newnham,NM,17
119,2025-09-10,1065,8,70.54,HK_2022_H235,LUCKY PLANET,8,M F Poon,PMF,4,8,18,8,7 3 8,W K Mo,MWK,52
119,2025-09-10,1095,2,70.56,HK_2023_J421,MONARCH COUNTY,12,A Atzeni,AA,4-1/4,9,18,8,4 5 9,C Fownes,FC,4.9
119,2025-09-10,1175,3,70.61,HK_2024_K079,KINGDOM OF RICHES,7,H Bentley,BHW,4-1/2,10,18,8,6 6 10,C S Shum,SCS,84
127,2025-09-10,1143,1,70.72,HK_2023_J402,SOVEREIGN FUND,3,K Teetan,TEK,5-1/4,11,18,8,3 4 11,C W Chang,CCW,4.9
125,2025-09-10,1096,10,71.22,HK_2023_J143,GIANT LEAP,4,R Kingscote,KRW,8-1/4,12,18,8,1 1 12,P F Yiu,YPF,27
135,2025-09-14,1166,11,81.43,HK_2022_H394,SUGAR BALL,1,K C Leung,LDE,-,1,22,4,9 10 8 1,W K Mo,MWK,5.5
134,2025-09-14,1048,7,81.47,HK_2024_K006,TOP TIME,2,K De Melo,DMK,N,2,22,4,10 9 10 2,W Y So,SWY,11
127,2025-09-14,1231,8,81.54,HK_2023_J228,RAGING RAPIDS,3,K Teetan,TEK,1/2,3,22,4,7 5 7 3,J Size,SJJ,10
123,2025-09-14,1068,5,81.6,HK_2023_J456,ROMAN CROWN,8,B Avdulla,AVB,1,4,22,4,8 6 5 4,P C Ng,NPC,7.6
123,2025-09-14,1150,1,81.72,HK_2024_K277,BETTER AND BETTER,6,Z Purton,PZ,1-3/4,5,22,4,4 2 1 5,F C Lor,LFC,2.5
120,2025-09-14,1187,6,82.02,HK_2024_K239,WINNING MACHINE,10,C L Chau,CJE,3-3/4,6,22,4,1 4 4 6,C S Shum,SCS,5.2
123,2025-09-14,1179,4,82.03,HK_2023_J464,DASHING DRAGON,7,J Orman,OJM,3-3/4,7,22,4,11 11 9 7,D A Hayes,HDA,30
125,2025-09-14,1107,2,82.12,HK_2022_H319,SECOND TO NONE,4,C Y Ho,HCY,4-1/4,8,22,4,3 3 2 8,K W Lui,LKW,17
130,2025-09-14,1121,1,81.1,HK_2023_J514,MAX QUE,4,A Atzeni,AA,-,1,23,5,5 4 4 1,M Newnham,NM,2.9
129,2025-09-14,1104,11,81.33,HK_2023_J180,AEROINVINCIBLE,5,C Y Ho,HCY,1-1/2,2,23,5,1 2 2 2,P C Ng,NPC,8.3
121,2025-09-14,1061,9,81.35,HK_2024_K049,NO OTHER CHOICE,10,D Probert,PDF,1-1/2,3,23,5,3 3 3 3,C Fownes,FC,125
123,2025-09-14,1012,10,81.4,HK_2023_J467,POSITIVE SMILE,8,M L Yeung,YML,2,4,23,5,11 11 8 4,D A Hayes,HDA,15
122,2025-09-14,999,6,81.54,HK_2022_H095,STRATHPEFFER,9,L Hewitson,HEL,2-3/4,5,23,5,7 7 9 5,D J Whyte,WDJ,4.5
129,2025-09-14,1181,3,81.57,HK_2023_J364,FANTASTIC FUN,6,H Bowman,BH,3,6,23,5,4 6 6 6,C S Shum,SCS,7.1
124,2025-09-14,1145,5,81.88,HK_2022_H237,SIMPLE HEDGE,7,B Avdulla,AVB,5,7,23,5,10 8 5 7,J Size,SJJ,24
124,2025-09-14,1091,9,82.26,HK_2024_K194,BIG STRIDE,5,A Atzeni,AA,5-1/4,9,22,4,6 7 6 9,J Richards,RW,101
116,2025-09-14,1275,3,85.95,HK_2023_J378,DEAL COMPLETED,11,H T Mo,MHT,28-1/4,10,22,4,2 1 3 10,Y S Tsui,TYS,47
120,2025-09-14,1243,10,87.86,HK_2024_K212,BILLION TWO,9,Y L Chung,CCY,40-1/4,11,22,4,5 8 11 11,K H Ting,TKH,109
135,2025-09-14,1038,8,81.89,HK_2024_K162,RAGGA BOMB,1,R Kingscote,KRW,5,8,23,5,9 5 7 8,D Eustace,EDJ,20
132,2025-09-14,1044,7,81.98,HK_2021_G465,FORERUNNER,2,M Chadwick,CML,5-1/2,9,23,5,8 10 11 9,W K Mo,MWK,10
118,2025-09-14,1234,4,82.34,HK_2021_G230,CELTIC TIMES,11,M F Poon,PMF,7-3/4,10,23,5,6 9 10 10,K L Man,MKL,18
130,2025-09-14,1171,2,82.46,HK_2023_J222,ENJOY GOLF,3,H Bentley,BHW,8-1/2,11,23,5,2 1 1 11,F C Lor,LFC,11
122,2025-09-14,1060,13,81.4,HK_2022_H409,FIGHT TIME,6,P N Wong,WPN,-,1,20,2,5 6 5 1,D J Hall,HAD,7.2
132,2025-09-14,1031,1,81.48,HK_2023_J369,CASHISCASH,5,L Hewitson,HEL,1/2,2,20,2,6 4 3 2,D J Whyte,WDJ,8.8
135,2025-09-14,1085,12,81.66,HK_2023_J037,ONLY U,1,Z Purton,PZ,1-3/4,3,20,2,9 11 10 3,B Crawford,CBJ,2.1
130,2025-09-14,1254,6,81.68,HK_2021_H002,PANDA LEGEND,9,R Kingscote,KRW,1-3/4,4,20,2,4 5 6 4,W Y So,SWY,24
119,2025-09-14,1082,3,81.71,HK_2022_H326,GANGNAM STAR,14,H Bentley,BHW,2,5,20,2,8 7 7 5,P C Ng,NPC,107
133,2025-09-14,1060,10,81.73,HK_2024_K028,ORIENTAL SURPRISE,4,L Ferraris,FEL,2,6,20,2,2 3 4 6,D A Hayes,HDA,17
123,2025-09-14,1070,7,81.84,HK_2022_H180,MR GOOD VIBES,12,K Teetan,TEK,2-3/4,7,20,2,12 13 14 7,D J Hall,HAD,52
130,2025-09-14,1185,2,81.89,HK_2023_J535,HE WAS ME,8,M L Yeung,YML,3,8 DH,20,2,1 1 2 8,A S Cruz,CAS,22
120,2025-09-14,1089,9,81.89,HK_2022_H027,STRONGEST BOY,13,M Chadwick,CML,3,8 DH,20,2,13 14 12 8,J Richards,RW,42
127,2025-09-14,1159,11,81.93,HK_2023_J551,DECRELOT,10,K De Melo,DMK,3-1/4,10,20,2,7 9 9 10,D A Hayes,HDA,44
134,2025-09-14,1243,4,82.12,HK_2023_J407,EVERYONE'S CLASSIC,2,K C Leung,LDE,4-1/2,11,20,2,10 10 11 11,F C Lor,LFC,75
124,2025-09-14,1087,14,82.27,HK_2022_H169,KA YING POWER,11,B Avdulla,AVB,5-1/2,12,20,2,11 8 8 12,J Size,SJJ,25
127,2025-09-14,1262,8,82.68,HK_2023_J187,VERBIER,7,E C W Wong,WEC,8,13,20,2,3 2 1 13,C Fownes,FC,6.6
133,2025-09-14,1311,5,82.75,HK_2021_G195,JUMBO FORTUNE,3,J Orman,OJM,8-1/2,14,20,2,14 12 13 14,C S Shum,SCS,13
135,2025-09-14,1247,4,69.5,HK_2023_J157,BLAZING WIND,1,Z Purton,PZ,-,1,21,3,1 1 1,C S Shum,SCS,2.8
124,2025-09-14,1180,3,69.53,HK_2022_H283,DAILY TROPHY,6,L Hewitson,HEL,HD,2,21,3,5 3 2,C Fownes,FC,6.6
130,2025-09-14,1133,10,69.78,HK_2023_J261,SIGHT HAPPY,3,B Avdulla,AVB,1-3/4,3,21,3,6 5 3,D A Hayes,HDA,14
118,2025-09-14,1200,9,69.79,HK_2024_K101,VIEW ALL THINGS,9,M Chadwick,CML,1-3/4,4,21,3,7 8 4,W K Mo,MWK,22
116,2025-09-14,1191,5,69.87,HK_2022_H454,JOLLY COMPANION,5,P N Wong,WPN,2-1/4,5,21,3,8 7 5,K L Man,MKL,4.1
121,2025-09-14,1072,8,70.11,HK_2022_H234,MEEPMEEP,7,A Badel,BA,3-3/4,6,21,3,9 9 6,J Size,SJJ,16
120,2025-09-14,1078,7,70.18,HK_2024_K241,HANDSOME BLOND,8,M F Poon,PMF,4-1/4,7,21,3,10 10 7,C H Yip,YCH,57
126,2025-09-14,1074,6,70.48,HK_2023_J099,GIMME FIVE,4,K Teetan,TEK,6,8,21,3,3 2 8,F C Lor,LFC,4.3
132,2025-09-14,1065,1,70.59,HK_2024_K124,TAI VICTORY,2,J Orman,OJM,6-3/4,9,21,3,4 6 9,M Newnham,NM,47
115,2025-09-14,1233,2,70.92,HK_2024_K066,BEAUTY FORMULA,10,Y L Chung,CCY,8-3/4,10,21,3,2 4 10,A S Cruz,CAS,86
127,2025-09-14,1068,3,81.43,HK_2023_J174,MY FLYING ANGEL,10,A Badel,BA,-,1,19,1,11 12 11 1,F C Lor,LFC,8.8
133,2025-09-14,1080,7,81.52,HK_2022_H475,CIRCUIT FIERY,4,Z Purton,PZ,1/2,2,19,1,3 2 2 2,W Y So,SWY,2.3
125,2025-09-14,984,1,81.89,HK_2022_H419,WINDICATOR FAMILY,2,P N Wong,WPN,2-3/4,3,19,1,8 8 7 3,D J Hall,HAD,9.7
123,2025-09-14,1032,10,82.01,HK_2023_J382,BRAVE OF FRIENDS,12,R Kingscote,KRW,3-1/2,4,19,1,13 13 13 4,D J Whyte,WDJ,109
132,2025-09-14,1215,2,82.03,HK_2023_J218,TEAM HAPPY,3,C L Chau,CJE,3-3/4,5,19,1,7 4 4 5,P C Ng,NPC,5.5
116,2025-09-14,1108,13,82.09,HK_2023_J144,FAIRY HORSE,13,E C W Wong,WEC,4,6,19,1,14 14 14 6,C Fownes,FC,20
132,2025-09-14,1195,4,82.11,HK_2019_D090,COLONEL,5,K De Melo,DMK,4-1/4,7,19,1,1 1 1 7,J Richards,RW,91
127,2025-09-14,1078,12,82.11,HK_2023_J065,MANYTHANKS FOREVER,9,D Probert,PDF,4-1/4,8,19,1,5 6 6 8,W Y So,SWY,72
124,2025-09-14,1060,11,82.18,HK_2023_J493,THE WAY WE WIN,11,H Bentley,BHW,4-3/4,9,19,1,2 3 3 9,J Richards,RW,38
130,2025-09-14,1159,6,82.28,HK_2022_H153,EURO ROCKS,7,M F Poon,PMF,5-1/4,10,19,1,9 7 8 10,C H Yip,YCH,15
119,2025-09-14,1078,5,82.4,HK_2022_H374,LAPRAS,14,M Chadwick,CML,6,11,19,1,4 5 5 11,W K Mo,MWK,20
135,2025-09-14,1226,9,82.44,HK_2023_J510,NIGHT PUROSANGUE,1,B Avdulla,AVB,6-1/4,12,19,1,12 11 12 12,D A Hayes,HDA,9.9
129,2025-09-14,1101,8,82.58,HK_2021_H018,ISLAND GOLDEN,8,C Y Ho,HCY,7-1/4,13,19,1,6 9 10 13,K L Man,MKL,18
131,2025-09-14,1234,14,83.25,HK_2024_K213,MAGIC COMBO,6,J Orman,OJM,11-1/2,14,19,1,10 10 9 14,C S Shum,SCS,83
122,2025-09-14,974,14,68.97,HK_2022_H057,SAME TO YOU,12,A Badel,BA,-,1,24,6,14 14 1,M Newnham,NM,66
120,2025-09-14,1181,1,69.23,HK_2024_K099,KING ALLOY,14,R Kingscote,KRW,1-3/4,2,24,6,1 1 2,K H Ting,TKH,22
133,2025-09-14,1131,6,69.3,HK_2023_J518,SEA EMERALD,1,J Orman,OJM,2-1/4,3,24,6,8 7 3,P F Yiu,YPF,9.2
129,2025-09-14,1107,2,69.33,HK_2023_J515,GROOVY FEELING,8,Z Purton,PZ,2-1/4,4,24,6,5 4 4,J Richards,RW,2.5
132,2025-09-14,1229,12,69.38,HK_2024_K489,FIT FOR BEAUTY,3,K Teetan,TEK,2-1/2,5,24,6,6 5 5,J Size,SJJ,23
122,2025-09-14,1149,11,69.39,HK_2023_J223,SUNNY Q,13,A Atzeni,AA,2-3/4,6,24,6,13 11 6,W Y So,SWY,6.4
132,2025-09-14,1086,5,69.39,HK_2024_K322,ARGENTO OCEAN,2,H Bowman,BH,2-3/4,7,24,6,7 9 7,D J Whyte,WDJ,6
129,2025-09-14,1251,10,69.46,HK_2023_J465,BUNTA BABY,6,L Ferraris,FEL,3,8,24,6,2 2 8,K L Man,MKL,15
128,2025-09-14,1094,9,69.53,HK_2023_J541,CONSPIRACY WITNESS,10,L Hewitson,HEL,3-1/2,9,24,6,11 10 9,D A Hayes,HDA,31
130,2025-09-14,1060,13,69.62,HK_2024_K406,WIN METHOD,5,H Bentley,BHW,4,10,24,6,12 13 10,C S Shum,SCS,64
127,2025-09-14,1112,3,69.79,HK_2024_K064,LUCKY MCQUEEN,11,M Chadwick,CML,5-1/4,11,24,6,4 3 11,W K Mo,MWK,6.7
131,2025-09-14,1166,4,69.87,HK_2024_K035,LEGENDARY IMPACT,4,D Probert,PDF,5-3/4,12,24,6,9 6 12,W K Mo,MWK,162
124,2025-09-14,1059,7,70.21,HK_2024_K349,SUPER PACE,9,E C W Wong,WEC,7-3/4,13,24,6,10 12 13,C Fownes,FC,206
127,2025-09-14,1182,8,72.85,HK_2022_H330,GO GENERAL,7,C L Chau,CJE,24-1/4,14,24,6,3 8 14,C H Yip,YCH,203
121,2025-09-14,1119,9,55.33,HK_2024_K408,METRO POWER,9,L Hewitson,HEL,-,1,25,7,1 1 1,D A Hayes,HDA,16
121,2025-09-14,1233,10,68.47,HK_2022_H246,PACKING BOLE,3,P N Wong,WPN,-,1,27,9,3 1 1,C S Shum,SCS,5.2
122,2025-09-14,1118,3,68.72,HK_2023_J239,MR ENERGIA,10,M F Poon,PMF,1-1/2,2,27,9,6 7 2,D J Hall,HAD,7.1
126,2025-09-14,1150,5,68.9,HK_2023_J330,MOJAVE DESERT,8,A Atzeni,AA,2-3/4,3,27,9,10 10 3,M Newnham,NM,13
129,2025-09-14,1188,11,69.05,HK_2021_G213,BUNDLE OF CHARM,4,H Bowman,BH,3-3/4,4,27,9,8 8 4,J Size,SJJ,25
128,2025-09-14,1032,1,69.06,HK_2023_J279,DRAGON AIR FORCE,5,M Chadwick,CML,3-3/4,5,27,9,7 6 5,P F Yiu,YPF,12
120,2025-09-14,1122,7,69.32,HK_2023_J280,HAROLD WIN,9,C L Chau,CJE,5-1/4,6,27,9,4 5 6,K W Lui,LKW,7.1
122,2025-09-14,1175,6,69.4,HK_2022_H228,SOLID SHALAA,6,E C W Wong,WEC,5-3/4,7,27,9,9 9 7,D A Hayes,HDA,6.6
135,2025-09-14,1160,8,69.74,HK_2023_J133,MUST GO,1,B Avdulla,AVB,8,8,27,9,12 12 8,J Size,SJJ,25
122,2025-09-14,1043,8,55.78,HK_2023_J295,FAST RESPONDER,1,P N Wong,WPN,2-3/4,2,25,7,7 6 2,D J Whyte,WDJ,11
122,2025-09-14,1182,6,55.89,HK_2023_J405,ALSONSO,7,A Badel,BA,3-1/2,3,25,7,2 3 3,M Newnham,NM,9.4
122,2025-09-14,1167,2,55.98,HK_2021_G204,LUCKY EIGHT,5,E C W Wong,WEC,4,4,25,7,8 5 4,P F Yiu,YPF,48
123,2025-09-14,1265,10,56.05,HK_2024_K291,THE ALL OUT,6,K Teetan,TEK,4-1/2,5,25,7,4 4 5,J Richards,RW,5.8
129,2025-09-14,1102,4,56.15,HK_2024_K424,LIM'S SHAVANO,3,J Orman,OJM,5-1/4,6,25,7,9 8 6,M Newnham,NM,111
128,2025-09-14,1081,1,56.23,HK_2021_G016,SUGAR SUGAR,4,C Y Ho,HCY,5-3/4,7,25,7,11 10 7,C Fownes,FC,48
120,2025-09-14,1121,5,56.28,HK_2024_K436,LIGHTNESS OF MUSIC,11,Z Purton,PZ,6,8,25,7,3 2 8,W Y So,SWY,1.5
121,2025-09-14,1178,7,57.08,HK_2024_K263,SHINYU KOKOROE,10,D Probert,PDF,11,9,25,7,6 7 9,D A Hayes,HDA,116
128,2025-09-17,1097,3,57.08,HK_2023_J043,SILVER SPURS,2,E C W Wong,WEC,-,1,29,1,1 1 1,C Fownes,FC,4.1
126,2025-09-14,1113,2,69.95,HK_2024_K169,MASK RIDER,7,Z Purton,PZ,9-1/4,9,27,9,5 4 9,W Y So,SWY,5.7
132,2025-09-14,1207,9,70.04,HK_2022_H089,GUMMY GUMMY,2,L Ferraris,FEL,9-3/4,10,27,9,2 3 10,C W Chang,CCW,6.7
117,2025-09-14,1211,4,70.5,HK_2020_E467,ORIENTAL SMOKE,12,M L Yeung,YML,12-3/4,11,27,9,11 11 11,D A Hayes,HDA,86
120,2025-09-14,1089,12,72.36,HK_2024_K510,CAMP LAND,11,A Badel,BA,24-1/4,12,27,9,1 2 12,J Richards,RW,74
122,2025-09-14,1170,11,57.73,HK_2024_K366,COLOURFUL KNIGHT,8,H Bentley,BHW,15,10,25,7,5 9 10,C S Shum,SCS,101
130,2025-09-14,1211,3,58.49,HK_2023_J244,MAJESTIC EXPRESS,2,B Avdulla,AVB,19-3/4,11,25,7,10 11 11,J Size,SJJ,18
135,2025-09-17,1120,6,57.16,HK_2024_K106,GOLDEN FRIENDSHIP,1,Z Purton,PZ,1/2,2,29,1,2 2 2,K H Ting,TKH,7.8
124,2025-09-17,1171,2,57.35,HK_2023_J259,CAMP FIRE,10,L Ferraris,FEL,1-3/4,3,29,1,3 3 3,D J Whyte,WDJ,9.6
132,2025-09-17,1162,5,57.39,HK_2024_K052,NOBLE DELUXE,4,B Avdulla,AVB,2,4,29,1,4 4 4,J Size,SJJ,5.8
130,2025-09-17,1060,4,57.56,HK_2022_H430,TRIUMPHANT WARRIOR,7,J Orman,OJM,3,5,29,1,6 5 5,C S Shum,SCS,4.2
130,2025-09-17,1210,7,57.58,HK_2022_H156,COSMO NAVIGATOR,3,Y L Chung,CCY,3,6,29,1,5 6 6,C W Chang,CCW,54
125,2025-09-17,1043,11,57.59,HK_2021_G352,MODEST GENTLEMAN,8,A Atzeni,AA,3-1/4,7,29,1,10 9 7,C H Yip,YCH,6.6
125,2025-09-17,1112,8,57.7,HK_2023_J351,WISDOM STAR,9,K C Leung,LDE,3-3/4,8,29,1,7 8 8,W Y So,SWY,46
124,2025-09-17,1239,12,57.88,HK_2019_D075,HAPPY TANGO,11,R Kingscote,KRW,5,9,29,1,9 10 9,Y S Tsui,TYS,16
119,2025-09-17,1144,1,58.01,HK_2023_J352,THE PRIME,12,D Probert,PDF,5-3/4,10,29,1,8 7 10,J Richards,RW,30
131,2025-09-17,1139,10,,HK_2021_G203,SPICY SO SMART,5,M Chadwick,CML,,UR,29,1,,W K Mo,MWK,21
130,2025-09-17,,,,HK_2022_H061,HAPPY HORSE,6,M F Poon,PMF,,WV-A,29,1,,K L Man,MKL,
119,2025-09-14,1081,5,81.91,HK_2022_H177,MASTER OF ALL,9,A Badel,BA,-,1,28,10,2 1 1 1,W Y So,SWY,2.5
135,2025-09-14,1068,8,82.07,HK_2022_H461,WINNING GOLD,3,R Kingscote,KRW,1-1/4,2,28,10,6 4 4 2,W Y So,SWY,10
129,2025-09-14,1015,2,82.08,HK_2022_H383,JOY OF SPRING,4,E C W Wong,WEC,1-1/4,3,28,10,4 6 5 3,C Fownes,FC,4.4
125,2025-09-14,1143,4,82.09,HK_2024_K386,KEEN MOLLY,6,K Teetan,TEK,1-1/4,4,28,10,1 3 3 4,D Eustace,EDJ,25
124,2025-09-14,1121,9,82.37,HK_2024_K477,CALIFORNIA WAVES,7,K C Leung,LDE,3,5,28,10,8 5 6 5,W K Mo,MWK,54
119,2025-09-14,1098,13,82.46,HK_2024_K265,THE LION KING,12,M Chadwick,CML,3-1/2,6,28,10,3 2 2 6,F C Lor,LFC,146
119,2025-09-14,1079,3,82.51,HK_2024_K009,PRESTIGE RICKY,10,D Probert,PDF,3-3/4,7,28,10,9 9 8 7,P F Yiu,YPF,24
125,2025-09-14,1045,11,82.54,HK_2022_H161,ENDEARED,5,A Atzeni,AA,4,8,28,10,13 13 13 8,J Size,SJJ,13
123,2025-09-14,1170,7,68.36,HK_2023_J346,JUBILANT WINNER,10,A Atzeni,AA,-,1,26,8,5 4 1,J Richards,RW,3.2
119,2025-09-14,1084,12,82.56,HK_2024_K387,SUPREME MASTERMIND,11,M L Yeung,YML,4,9,28,10,12 11 11 9,D A Hayes,HDA,82
121,2025-09-14,1101,6,82.59,HK_2024_K231,STAR SATYR,8,Y L Chung,CCY,4-1/4,10,28,10,7 8 7 10,A S Cruz,CAS,12
135,2025-09-14,1050,10,82.62,HK_2022_H298,SUPERB KID,2,L Ferraris,FEL,4-1/2,11,28,10,11 12 12 11,K W Lui,LKW,11
135,2025-09-14,1115,7,82.79,HK_2024_K251,SNOWFIELD,1,H Bowman,BH,5-1/2,12,28,10,10 10 10 12,M Newnham,NM,9.3
118,2025-09-14,1029,1,83.17,HK_2022_H276,SHARPEN BRIGHT,13,M F Poon,PMF,8,13,28,10,5 7 9 13,D J Hall,HAD,36
125,2025-09-14,1121,4,68.75,HK_2024_K198,VON BAER,8,K C Leung,LDE,2-1/2,2,26,8,4 2 2,D A Hayes,HDA,15
131,2025-09-14,1142,6,68.8,HK_2024_K416,DECISION LINK,2,K De Melo,DMK,2-3/4,3,26,8,10 9 3,W Y So,SWY,33
134,2025-09-14,1141,12,68.83,HK_2024_K320,TOURBILLON GOLFER,1,Z Purton,PZ,3,4,26,8,1 1 4,P F Yiu,YPF,2.4
131,2025-09-14,1139,13,68.98,HK_2024_K144,HOT AIR BALLON,4,H Bowman,BH,3-3/4,5,26,8,11 12 5,D J Whyte,WDJ,14
120,2025-09-14,1104,2,69.0,HK_2024_K271,LEGEND STAR,14,R Kingscote,KRW,4,6,26,8,8 7 6,C S Shum,SCS,25
131,2025-09-14,1072,10,69.08,HK_2022_H349,GOOD FORTUNE,3,J Orman,OJM,4-1/2,7,26,8,2 3 7,P C Ng,NPC,10
130,2025-09-14,1168,1,69.2,HK_2024_K221,HERO SPARK,5,M F Poon,PMF,5-1/4,8,26,8,7 6 8,K L Man,MKL,103
119,2025-09-14,1134,5,69.27,HK_2023_J459,IRON LEGION,11,Y L Chung,CCY,5-3/4,9,26,8,13 13 9,A S Cruz,CAS,137
130,2025-09-14,1140,3,69.31,HK_2022_H483,PATCH OF TIME,6,L Ferraris,FEL,6,10,26,8,9 10 10,M Newnham,NM,15
120,2025-09-14,1044,8,69.49,HK_2023_J379,COSMO LIGHT,13,M Chadwick,CML,7,11,26,8,6 8 11,Y S Tsui,TYS,165
120,2025-09-14,1244,14,69.53,HK_2023_J448,BLUE BARON,12,A Badel,BA,7-1/4,12,26,8,14 14 12,W K Mo,MWK,18
124,2025-09-14,1114,11,70.1,HK_2023_J523,CLUB ACE,9,M L Yeung,YML,10-3/4,13,26,8,12 11 13,J Size,SJJ,35
127,2025-09-14,1098,9,70.11,HK_2024_K188,SUNNY SING SPIRIT,7,K Teetan,TEK,11,14,26,8,3 5 14,W Y So,SWY,64
128,2025-09-17,1068,5,69.65,HK_2023_J360,MIGHTY COMMANDER,2,E C W Wong,WEC,-,1,30,2,6 7 1,C Fownes,FC,4.8
121,2025-09-17,1063,2,69.87,HK_2023_J370,CALIFORNIA BLITZ,6,C L Chau,CJE,1-1/4,2,30,2,3 3 2,W K Mo,MWK,5.7
120,2025-09-17,1039,9,70.01,HK_2023_J332,TELECOM POWER,10,M Chadwick,CML,2-1/4,3,30,2,5 4 3,Y S Tsui,TYS,44
126,2025-09-17,1079,3,70.06,HK_2024_K108,KNOW AT HEART,4,K De Melo,DMK,2-1/2,4,30,2,7 9 4,W Y So,SWY,11
124,2025-09-17,993,4,70.11,HK_2024_K434,AMAZING KID,5,B Avdulla,AVB,2-3/4,5,30,2,4 5 5,J Size,SJJ,38
116,2025-09-17,1066,1,70.14,HK_2023_J345,ALWAYS MY FOLKS,12,K Teetan,TEK,3,6,30,2,1 1 6,C W Chang,CCW,2.7
123,2025-09-17,1078,7,70.37,HK_2023_J373,REWARDING BUDDY,7,L Ferraris,FEL,4-1/2,7,30,2,10 10 7,F C Lor,LFC,119
127,2025-09-17,1117,10,70.41,HK_2022_H470,GOLDEN DARCI,3,J Orman,OJM,4-3/4,8,30,2,11 12 8,D J Whyte,WDJ,13
123,2025-09-17,1089,6,70.56,HK_2024_K025,SNOWTHORN,8,M F Poon,PMF,5-3/4,9,30,2,2 2 9,P F Yiu,YPF,13
122,2025-09-17,1113,11,70.81,HK_2022_H159,GOLDEN LUCK,9,K C Leung,LDE,7-1/4,10,30,2,9 8 10,K L Man,MKL,6.6
135,2025-09-17,1062,8,70.95,HK_2023_J429,STAR GLOW,1,C Y Ho,HCY,8,11,30,2,12 11 11,K W Lui,LKW,61
118,2025-09-17,1115,12,72.35,HK_2022_H366,CHAMPION METHOD,11,D Probert,PDF,17,12,30,2,8 6 12,C S Shum,SCS,96
135,2025-09-17,1216,1,69.8,HK_2024_K266,MASTER CHAMPION,1,K Teetan,TEK,-,1,33,5,4 3 1,C S Shum,SCS,3.9
116,2025-09-17,1190,10,69.99,HK_2022_H476,PATCH OF WATCH,11,M F Poon,PMF,1-1/4,2,33,5,1 1 2,K L Man,MKL,15
131,2025-09-17,1103,3,70.0,HK_2022_H325,NEW POWER,3,M L Yeung,YML,1-1/4,3,33,5,7 6 3,C W Chang,CCW,4.9
127,2025-09-17,1182,5,99.91,HK_2021_G170,ROCKET SPADE,5,H Bowman,BH,-,1,32,4,6 6 6 1,C Fownes,FC,10
120,2025-09-17,1187,7,70.1,HK_2023_J328,ACROSS DA UNIVERSE,9,C L Chau,CJE,1-3/4,4,33,5,8 9 4,P C Ng,NPC,22
117,2025-09-17,1017,8,70.12,HK_2023_J480,EXCEED THE WISH,10,L Hewitson,HEL,2,5,33,5,9 8 5,M Newnham,NM,16
115,2025-09-17,1088,5,70.18,HK_2022_H320,GLORY CLOUD,12,A Badel,BA,2-1/4,6,33,5,6 7 6,C Fownes,FC,6.6
123,2025-09-17,1090,12,70.26,HK_2024_K193,I P O BROS,8,R Kingscote,KRW,2-3/4,7,33,5,11 11 7,Y S Tsui,TYS,144
127,2025-09-17,1099,6,70.36,HK_2024_K283,HONEST WITNESS,4,Z Purton,PZ,3-1/2,8,33,5,3 4 8,D A Hayes,HDA,2.9
126,2025-09-17,1017,2,70.47,HK_2024_K044,POWER SUMMIT,7,A Atzeni,AA,4-1/4,9,33,5,12 12 9,D Eustace,EDJ,42
126,2025-09-17,1118,4,70.61,HK_2023_J501,CIRCUIT DUFFY,6,L Ferraris,FEL,5,10,33,5,10 10 10,F C Lor,LFC,59
125,2025-09-17,1042,9,70.9,HK_2024_K171,MULTIDUTCH,5,Y L Chung,CCY,6-3/4,11,33,5,5 5 11,A S Cruz,CAS,153
128,2025-09-17,1197,8,99.96,HK_2020_E472,STAR CONTACT,3,B Avdulla,AVB,N,2,32,4,2 2 2 2,D A Hayes,HDA,7.1
125,2025-09-17,1124,7,100.07,HK_2024_K176,ANOTHER ZONDA,6,M Chadwick,CML,1,3,32,4,1 1 1 3,Y S Tsui,TYS,5
128,2025-09-17,1173,1,100.15,HK_2021_G476,ROMANTIC LAOS,2,K C Leung,LDE,1-1/2,4,32,4,3 3 3 4,W K Mo,MWK,9.6
127,2025-09-17,1222,4,100.27,HK_2024_K093,EXCELLENCE VALUE,4,Z Purton,PZ,2-1/4,5,32,4,7 7 8 5,M Newnham,NM,3.8
121,2025-09-17,1030,6,100.36,HK_2023_J393,VICTOR THE RAPID,8,K Teetan,TEK,2-3/4,6,32,4,8 8 7 6,P C Ng,NPC,6.6
123,2025-09-17,1027,3,100.37,HK_2023_J266,HARMONY GALAXY,7,C L Chau,CJE,2-3/4,7,32,4,5 5 5 7,C S Shum,SCS,13
120,2025-09-17,1076,2,100.44,HK_2021_G125,SURE JOYFUL,9,M F Poon,PMF,3-1/4,8,32,4,4 4 4 8,P F Yiu,YPF,16
131,2025-09-17,1082,9,100.58,HK_2022_H381,I CAN,1,A Atzeni,AA,4-1/4,9,32,4,9 9 9 9,P C Ng,NPC,7.6
130,2025-09-17,1281,11,72.79,HK_2020_E184,MEGA BONUS,2,E C W Wong,WEC,18-3/4,12,33,5,2 2 12,P F Yiu,YPF,31
135,2025-09-17,1016,7,69.8,HK_2024_K186,KING LOTUS,2,L Hewitson,HEL,-,1,34,6,8 5 1,M Newnham,NM,6.2
133,2025-09-17,1040,1,70.06,HK_2023_J253,THE PERFECT MATCH,3,H Bowman,BH,1-3/4,2,34,6,4 3 2,C S Shum,SCS,6.1
126,2025-09-17,1124,8,70.08,HK_2024_K303,SUPER UNIVERSAL,9,C Y Ho,HCY,1-3/4,3,34,6,3 2 3,K W Lui,LKW,13
130,2025-09-17,1091,10,70.12,HK_2023_J181,ACE POWER,5,L Ferraris,FEL,2,4,34,6,11 11 4,D J Whyte,WDJ,18
119,2025-09-17,1121,2,70.15,HK_2023_J159,SKY SONG,11,M F Poon,PMF,2-1/4,5,34,6,5 6 5,C Fownes,FC,10
130,2025-09-17,1143,5,70.17,HK_2023_J150,VULCANUS,6,K C Leung,LDE,2-1/4,6,34,6,2 4 6,Y S Tsui,TYS,4.1
126,2025-09-17,1098,4,70.28,HK_2023_J087,SPICY SPANGLE,8,M Chadwick,CML,3,7,34,6,1 1 7,W K Mo,MWK,15
118,2025-09-17,1069,12,70.29,HK_2021_G427,SPANGLE FORTUNE,1,M L Yeung,YML,3,8,34,6,10 10 8,K L Man,MKL,19
126,2025-09-17,1020,6,70.31,HK_2021_G292,OUR LUCKY GLORY,7,A Badel,BA,3-1/4,9,34,6,12 12 9,W Y So,SWY,14
131,2025-09-17,1053,3,70.64,HK_2024_K132,GENIUS BABY,4,Z Purton,PZ,5-1/4,10,34,6,7 8 10,D A Hayes,HDA,9
121,2025-09-17,1018,11,70.71,HK_2023_J304,NEBRASKAN,10,K Teetan,TEK,5-3/4,11,34,6,6 7 11,J Size,SJJ,8.6
118,2025-09-17,1122,9,71.33,HK_2023_J146,YODA'S CHOICE,12,D Probert,PDF,9-1/2,12,34,6,9 9 12,P C Ng,NPC,90
135,2025-09-17,,,,HK_2021_G123,AMAZING VICTORY,,J Orman,OJM,,WV,34,6,,C W Chang,CCW,
121,2025-09-17,1175,10,108.67,HK_2021_G463,FOREVER FOLKS,8,K Teetan,TEK,-,1,31,3,12 12 12 12 1,C S Shum,SCS,15
130,2025-09-17,1008,9,108.84,HK_2023_J267,SUPREME AGILITY,2,J Orman,OJM,1,2,31,3,10 10 10 9 2,P C Ng,NPC,5.7
127,2025-09-17,1138,4,108.88,HK_2022_H087,CAN'T GO WONG,3,M F Poon,PMF,1-1/4,3,31,3,9 9 9 10 3,F C Lor,LFC,18
123,2025-09-17,1069,3,108.94,HK_2024_K055,DILBAGH,6,R Kingscote,KRW,1-3/4,4,31,3,6 6 6 5 4,D J Whyte,WDJ,36
120,2025-09-17,1114,7,109.09,HK_2022_H168,ROMANTIC FANTASY,10,A Badel,BA,2-1/2,5,31,3,7 8 8 8 5,J Richards,RW,6.7
120,2025-09-17,1161,5,109.11,HK_2023_J183,FIREFOOT,9,Z Purton,PZ,2-3/4,6,31,3,5 5 5 6 6,W Y So,SWY,4.4
126,2025-09-17,1081,6,109.26,HK_2021_G307,PRINCE ALEX,4,L Ferraris,FEL,3-3/4,7,31,3,8 7 7 7 7,D J Whyte,WDJ,23
123,2025-09-17,1003,8,109.28,HK_2023_J331,PERFECT PAIRING,7,B Avdulla,AVB,3-3/4,8,31,3,11 11 11 11 8,J Size,SJJ,36
135,2025-09-17,1188,11,109.45,HK_2022_H070,SAMARKAND,1,H Bowman,BH,5,9,31,3,2 2 2 2 9,D A Hayes,HDA,7.9
120,2025-09-17,1139,2,109.76,HK_2023_J529,YIU CHEUNG VICTORY,11,C L Chau,CJE,6-3/4,10,31,3,3 4 4 4 10,C H Yip,YCH,10
125,2025-09-17,1185,12,109.91,HK_2022_H486,KINGLY DEMEANOR,5,M L Yeung,YML,7-3/4,11,31,3,1 1 1 1 11,A S Cruz,CAS,16
117,2025-09-17,1234,1,110.01,HK_2022_H066,ATOMIC BEAUTY,12,A Atzeni,AA,8-1/4,12,31,3,4 3 3 3 12,A S Cruz,CAS,5.9
135,2025-09-17,1162,1,56.41,HK_2022_H092,SUPERB CAPITALIST,1,M Chadwick,CML,-,1,35,7,4 4 1,A S Cruz,CAS,4.4
134,2025-09-17,1056,11,56.72,HK_2023_J082,YOUTHFUL SPIRITS,2,L Ferraris,FEL,2,2,35,7,2 1 2,M Newnham,NM,11
131,2025-09-17,1126,7,56.73,HK_2023_J285,LA FORZA,4,Z Purton,PZ,2,3,35,7,3 3 3,J Richards,RW,6.9
121,2025-09-17,1126,6,56.8,HK_2023_J468,CANDLELIGHT DINNER,8,M L Yeung,YML,2-1/2,4,35,7,1 2 4,Y S Tsui,TYS,10
118,2025-09-17,1048,3,56.89,HK_2024_K027,JUSTIFYING,11,A Badel,BA,3,5,35,7,5 5 5,C Fownes,FC,6.1
133,2025-09-17,1180,10,56.93,HK_2022_H162,WINGS OF WAR,3,K De Melo,DMK,3-1/4,6,35,7,10 9 6,D J Whyte,WDJ,14
121,2025-09-17,1181,4,57.06,HK_2022_H203,HEALTHY HEALTHY,9,A Atzeni,AA,4,7,35,7,8 8 7,P C Ng,NPC,8.7
124,2025-09-17,1190,5,57.13,HK_2023_J537,ROMANTIC SON,6,H Bentley,BHW,4-1/2,8,35,7,7 6 8,D A Hayes,HDA,18
121,2025-09-17,1109,2,57.16,HK_2024_K202,FRIENDS OF SHAJING,7,C L Chau,CJE,4-3/4,9,35,7,6 7 9,C S Shum,SCS,5.5
131,2025-09-17,1193,9,57.35,HK_2022_H440,SPICY GOLD,5,H Bowman,BH,5-3/4,10,35,7,9 11 10,M Newnham,NM,19
120,2025-09-17,1129,8,57.55,HK_2024_K361,SIR CHARGE,10,K Teetan,TEK,7-1/4,11,35,7,11 10 11,D Eustace,EDJ,32
121,2025-09-17,1047,1,98.26,HK_2024_K161,LO RIDER,10,H Bentley,BHW,-,1,36,8,5 4 4 1,C Fownes,FC,3.9
129,2025-09-17,1170,6,98.4,HK_2021_G236,ENCOUNTERED,4,K Teetan,TEK,3/4,2,36,8,8 8 9 2,B Crawford,CBJ,10
129,2025-09-17,1111,10,98.73,HK_2023_J127,SOLEIL FIGHTER,6,Z Purton,PZ,3,3,36,8,3 2 1 3,D A Hayes,HDA,5.8
126,2025-09-17,1067,9,98.83,HK_2023_J263,STEPS AHEAD,7,L Hewitson,HEL,3-1/2,4,36,8,6 7 7 4,K W Lui,LKW,5.8
124,2025-09-17,1140,4,98.89,HK_2021_G266,JUMBO LEGEND,8,C Y Ho,HCY,4,5,36,8,9 10 10 5,C Fownes,FC,7.5
133,2025-09-17,1078,2,99.01,HK_2022_H418,CALIFORNIATOTALITY,1,A Badel,BA,4-3/4,6,36,8,4 5 6 6,A S Cruz,CAS,9.8
119,2025-09-17,1155,5,99.05,HK_2021_G306,KEEFY,9,E C W Wong,WEC,5,7,36,8,7 6 5 7,F C Lor,LFC,10
120,2025-09-17,1109,8,99.34,HK_2022_H389,BRAVEHEARTS,11,M F Poon,PMF,6-3/4,8,36,8,10 9 8 8,M Newnham,NM,12
131,2025-09-17,1192,7,100.4,HK_2023_J026,VOYAGE SAMURAI,2,K C Leung,LDE,13-1/2,9,36,8,1 1 2 9,F C Lor,LFC,36
130,2025-09-17,1118,3,100.67,HK_2019_D482,TELECOM FIGHTERS,3,M Chadwick,CML,15,10,36,8,2 3 3 10,Y S Tsui,TYS,37
127,2025-09-17,1008,12,100.71,HK_2021_G371,LA CITY BLANCHE,5,Y L Chung,CCY,15-1/4,11,36,8,12 12 11 11,A S Cruz,CAS,85
120,2025-09-17,1197,11,106.77,HK_2021_G115,WOODFIRE BRO,12,M L Yeung,YML,53-1/4,12,36,8,11 11 12 12,C W Chang,CCW,27
130,2025-09-21,1137,8,110.32,HK_2023_J105,HAKKA RADIANCE,3,H Bowman,BH,-,1,37,1,4 2 2 2 1,C S Shum,SCS,5.3
120,2025-09-21,1140,5,110.4,HK_2021_G372,YEABOI,10,M F Poon,PMF,1/2,2,37,1,5 5 4 4 2,C W Chang,CCW,27
128,2025-09-21,1042,6,110.52,HK_2023_J252,SMASHING EXPRESS,6,B Avdulla,AVB,1-1/4,3,37,1,7 7 6 5 3,J Size,SJJ,16
135,2025-09-21,1033,10,110.53,HK_2023_J452,STORM RUNNER,1,Z Purton,PZ,1-1/4,4,37,1,6 4 3 3 4,P C Ng,NPC,4
126,2025-09-21,1050,3,110.67,HK_2022_H471,CHATEAU LE PECHE,5,C L Chau,CJE,2-1/4,5,37,1,8 8 8 9 5,K H Ting,TKH,9.5
130,2025-09-21,1133,2,110.67,HK_2022_H034,LEATHER MASTER,4,C Y Ho,HCY,2-1/4,6,37,1,3 6 7 7 6,K L Man,MKL,11
123,2025-09-21,1088,4,110.72,HK_2022_H386,MR ALADDIN,8,A Badel,BA,2-1/2,7,37,1,10 10 9 8 7,P C Ng,NPC,3.2
132,2025-09-21,1027,1,110.8,HK_2020_E448,GOLDEN FAIRY,2,L Hewitson,HEL,3,8,37,1,1 1 1 1 8,W Y So,SWY,14
127,2025-09-21,1174,2,70.06,HK_2024_K165,MOTOR,2,K C Leung,LDE,-,1,38,2,3 2 1,W K Mo,MWK,3.5
122,2025-09-21,1030,9,111.12,HK_2019_D241,SUPER HONG KONG,9,K Teetan,TEK,5,9,37,1,9 9 10 10 9,C H Yip,YCH,12
123,2025-09-21,1130,7,111.96,HK_2021_G301,COLOURFUL BARON,7,L Ferraris,FEL,10-1/4,10,37,1,2 3 5 6 10,D J Whyte,WDJ,40
125,2025-09-21,1002,6,70.29,HK_2024_K429,WINNING CHAMPION,5,M F Poon,PMF,1-1/2,2,38,2,4 4 2,C S Shum,SCS,5.8
124,2025-09-21,1192,1,70.57,HK_2024_K166,MAZING GRACE,7,M L Yeung,YML,3-1/4,3,38,2,5 5 3,C W Chang,CCW,70
124,2025-09-21,1038,10,70.58,HK_2024_K374,DASHING MAURISON,6,R Kingscote,KRW,3-1/4,4,38,2,11 8 4,D A Hayes,HDA,43
118,2025-09-21,1141,3,70.62,HK_2024_K259,SPARKLE AND GOLD,11,Y L Chung,CCY,3-1/2,5,38,2,8 6 5,C H Yip,YCH,50
127,2025-09-21,1178,5,70.69,HK_2024_K433,FIELD MARSHAL,1,Z Purton,PZ,4,6,38,2,1 1 6,D A Hayes,HDA,3.1
126,2025-09-21,1147,11,70.88,HK_2024_K332,JUST FOLLOW ME,4,K Teetan,TEK,5-1/4,7,38,2,7 10 7,B Crawford,CBJ,3.8
123,2025-09-21,1043,7,70.93,HK_2024_K464,YOUNG FIGHTER,10,L Ferraris,FEL,5-1/2,8,38,2,10 11 8,C Fownes,FC,20
124,2025-09-21,1074,4,71.15,HK_2024_K503,FALCON HUNTER,3,C L Chau,CJE,6-3/4,9,38,2,6 7 9,C H Yip,YCH,36
124,2025-09-21,1045,8,71.32,HK_2024_K455,YEUX DE LIFELINE,9,B Avdulla,AVB,7-3/4,10,38,2,9 9 10,J Size,SJJ,51
124,2025-09-21,1163,9,71.51,HK_2024_K423,MONEY TYCOON,8,A Atzeni,AA,9,11,38,2,2 3 11,F C Lor,LFC,43
128,2025-09-21,1080,4,99.5,HK_2021_H016,PRECISION GOAL,9,L Ferraris,FEL,-,1,40,4,1 1 1 1,D A Hayes,HDA,7.8
118,2025-09-21,1092,1,99.69,HK_2023_J258,SIGHT SUPREME,13,K Teetan,TEK,1-1/4,2,40,4,9 8 3 2,J Size,SJJ,9.5
132,2025-09-21,1010,7,100.04,HK_2024_K190,ALLCASH,3,Z Purton,PZ,3-1/2,3,40,4,8 9 8 3,C S Shum,SCS,3.9
119,2025-09-21,1171,2,100.18,HK_2021_G312,KASA PAPA,12,A Badel,BA,4-1/4,4,40,4,11 10 6 4,A S Cruz,CAS,11
129,2025-09-21,1037,9,100.32,HK_2023_J137,GLORIOUS JOURNEY,7,M Chadwick,CML,5-1/4,5,40,4,2 2 2 5,F C Lor,LFC,8.3
130,2025-09-21,1102,3,100.59,HK_2020_E494,CHARMING STEED,1,E C W Wong,WEC,6-3/4,6,40,4,7 6 5 6,C Fownes,FC,11
130,2025-09-21,1118,13,100.63,HK_2023_J215,BRIGHT INHERITANCE,6,H Bentley,BHW,7,7,40,4,10 11 13 7,C H Yip,YCH,33
123,2025-09-21,1160,11,70.09,HK_2024_K122,EMBLAZON,7,C L Chau,CJE,-,1,39,3,4 4 1,W K Mo,MWK,5.7
127,2025-09-21,1247,6,70.27,HK_2023_J530,BRIGHT DAY,6,J Orman,OJM,1-1/4,2,39,3,10 11 2,K L Man,MKL,19
128,2025-09-21,1045,10,70.41,HK_2024_K487,PROUD BOX,5,H Bowman,BH,2,3,39,3,11 10 3,W Y So,SWY,12
121,2025-09-21,1155,7,70.46,HK_2020_E435,AWESOME TREASURE,2,P N Wong,WPN,2-1/4,4,39,3,3 2 4,D A Hayes,HDA,12
128,2025-09-21,1082,1,70.62,HK_2024_K148,PERIDOT,4,Z Purton,PZ,3-1/4,5,39,3,2 3 5,D J Hall,HAD,3.4
120,2025-09-21,1110,2,70.72,HK_2023_J366,ELEGANT LIFE,12,L Hewitson,HEL,4,6,39,3,5 5 6,C Fownes,FC,4.2
135,2025-09-21,1110,3,70.75,HK_2024_K400,AEROVOLANIC,1,C Y Ho,HCY,4,7,39,3,9 8 7,P C Ng,NPC,14
120,2025-09-21,1139,12,70.8,HK_2024_K046,DREAMING WINNER,11,A Atzeni,AA,4-1/2,8,39,3,12 12 8,F C Lor,LFC,56
134,2025-09-21,1067,8,100.69,HK_2022_H481,SUPER UNICORN,2,A Atzeni,AA,7-1/2,8,40,4,12 12 11 8,M Newnham,NM,25
120,2025-09-21,1168,5,100.75,HK_2020_E471,LESLIE,11,Y L Chung,CCY,7-3/4,9,40,4,13 13 10 9,C W Chang,CCW,10
126,2025-09-21,1096,6,100.78,HK_2023_J194,EXCEL WONGCHOY,8,C L Chau,CJE,8,10,40,4,3 4 4 10,P C Ng,NPC,12
132,2025-09-21,1071,11,101.59,HK_2023_J080,FASHION LEGEND,4,R Kingscote,KRW,13,11,40,4,5 7 9 11,D Eustace,EDJ,7.8
132,2025-09-21,1139,10,101.65,HK_2024_K200,MEGA FORCE,5,L Hewitson,HEL,13-1/2,12,40,4,4 3 7 12,P C Ng,NPC,84
122,2025-09-21,1125,12,101.79,HK_2022_H392,AMAZING DUCK,10,M F Poon,PMF,14-1/4,13,40,4,6 5 12 13,K H Ting,TKH,23
125,2025-09-21,1126,9,70.81,HK_2024_K431,FLASH STAR,8,R Kingscote,KRW,4-1/2,9,39,3,1 1 9,C S Shum,SCS,137
125,2025-09-21,1036,8,70.95,HK_2024_K339,TOP TO SKY,9,K C Leung,LDE,5-1/4,10,39,3,8 9 10,C H Yip,YCH,60
123,2025-09-21,1136,5,71.38,HK_2024_K038,NOBLE FANS,10,B Avdulla,AVB,8,11,39,3,7 7 11,J Size,SJJ,5.6
128,2025-09-21,1103,4,72.21,HK_2024_K289,BASIC INSTINCT,3,D Probert,PDF,13-1/4,12,39,3,6 6 12,Y S Tsui,TYS,90
126,2025-09-21,1136,3,97.09,HK_2023_J224,GOOD GOOD,9,B Avdulla,AVB,-,1,41,5,2 1 1 1,J Size,SJJ,14
128,2025-09-21,1217,10,97.13,HK_2023_J447,PEARL OF PANG'S,7,K C Leung,LDE,N,2,41,5,3 3 3 2,K L Man,MKL,7.4
128,2025-09-21,1167,8,97.19,HK_2023_J533,HAPPY UNIVERSE,5,R Kingscote,KRW,1/2,3,41,5,5 6 6 3,K H Ting,TKH,6.6
122,2025-09-21,1076,2,97.24,HK_2022_H354,SPECIAL HEDGE,11,L Hewitson,HEL,3/4,4,41,5,8 5 2 4,C W Chang,CCW,7.2
131,2025-09-21,1163,1,97.3,HK_2024_K155,BEAUTY VIVA,3,Y L Chung,CCY,1-1/4,5,41,5,12 9 5 5,A S Cruz,CAS,12
121,2025-09-21,1148,6,97.69,HK_2023_J524,ROSEWOOD FLEETFOOT,13,M Chadwick,CML,3-3/4,6,41,5,4 4 7 6,J Richards,RW,8.9
133,2025-09-21,1053,13,97.73,HK_2024_K262,WITHOUT DELAY,4,J Orman,OJM,4,7,41,5,14 13 12 7,D Eustace,EDJ,138
119,2025-09-21,1153,5,97.78,HK_2023_J425,RADIANT SWIFT,14,K Teetan,TEK,4-1/4,8,41,5,6 8 10 8,B Crawford,CBJ,46
128,2025-09-21,1019,4,97.81,HK_2023_J377,MISSION STRIKE,6,L Ferraris,FEL,4-1/2,9,41,5,11 12 13 9,M Newnham,NM,9.1
127,2025-09-21,1021,9,98.1,HK_2023_J477,NEWBORN MIRACLE,8,C Y Ho,HCY,6-1/4,10,41,5,1 2 4 10,P F Yiu,YPF,11
121,2025-09-21,1087,12,98.18,HK_2023_J509,ACE WAR,12,D Probert,PDF,6-3/4,11,41,5,9 11 9 11,D J Whyte,WDJ,55
135,2025-09-21,1203,14,98.23,HK_2023_J398,LUCK IS BACK,1,H Bentley,BHW,7,12,41,5,7 7 8 12,K W Lui,LKW,32
124,2025-09-21,1211,7,98.51,HK_2023_J463,STAR BROSE,10,Z Purton,PZ,8-3/4,13,41,5,10 10 11 13,D A Hayes,HDA,4.6
134,2025-09-21,980,11,98.55,HK_2023_J170,ILLUMINOUS,2,K De Melo,DMK,9,14,41,5,13 14 14 14,F C Lor,LFC,25
127,2025-09-21,1195,3,69.39,HK_2023_J161,SKY TRUST,1,E C W Wong,WEC,-,1,42,6,3 2 1,C Fownes,FC,4.2
126,2025-09-21,1225,11,69.89,HK_2023_J531,WONDERSTAR,4,J Orman,OJM,3,2,42,6,1 1 2,Y S Tsui,TYS,4.2
125,2025-09-21,1176,7,70.0,HK_2024_K167,TIN FOOK,5,K Teetan,TEK,3-3/4,3,42,6,9 8 3,D J Hall,HAD,15
125,2025-09-21,1141,6,70.15,HK_2023_J540,VICTORY SKY,6,M F Poon,PMF,4-3/4,4,42,6,6 6 4,P F Yiu,YPF,3.5
124,2025-09-21,1138,9,70.36,HK_2024_K312,THE RED HARE,7,A Badel,BA,6,5,42,6,11 10 5,F C Lor,LFC,6.1
123,2025-09-21,1037,4,70.53,HK_2024_K365,THOUSAND SPIRIT,10,L Hewitson,HEL,7,6,42,6,4 5 6,M Newnham,NM,16
123,2025-09-21,1074,8,70.62,HK_2024_K370,FLYING KNIGHT,9,K C Leung,LDE,7-3/4,7,42,6,12 12 7,W K Mo,MWK,24
130,2025-09-21,1105,10,70.63,HK_2023_J143,GIANT LEAP,2,R Kingscote,KRW,7-3/4,8,42,6,5 4 8,P F Yiu,YPF,25
120,2025-09-21,1169,2,70.69,HK_2024_K263,SHINYU KOKOROE,12,D Probert,PDF,8,9,42,6,10 9 9,D A Hayes,HDA,88
128,2025-09-21,1230,12,71.01,HK_2024_K476,STANLEY EXPRESS,3,C Y Ho,HCY,10,10,42,6,2 3 10,P C Ng,NPC,19
121,2025-09-21,1160,5,72.11,HK_2024_K366,COLOURFUL KNIGHT,8,C L Chau,CJE,17,11,42,6,8 11 11,C S Shum,SCS,97
121,2025-09-21,1073,1,72.86,HK_2024_K381,FIVEFORTWO,11,K De Melo,DMK,21-3/4,12,42,6,7 7 12,K W Lui,LKW,92
132,2025-09-21,1058,12,82.35,HK_2023_J225,SOLID WIN,6,H Bowman,BH,-,1,43,7,12 14 11 1,P F Yiu,YPF,5.9
128,2025-09-21,1160,2,82.52,HK_2022_H459,THE HEIR,7,C Y Ho,HCY,1,2,43,7,5 9 10 2,C Fownes,FC,5.5
115,2025-09-21,1146,13,82.87,HK_2023_J397,BLING BLING GENIUS,14,A Badel,BA,3-1/4,3,43,7,7 8 8 3,D J Whyte,WDJ,6.9
135,2025-09-21,1064,14,82.88,HK_2024_K184,MR COOL,1,A Atzeni,AA,3-1/4,4,43,7,9 5 5 4,F C Lor,LFC,4.9
133,2025-09-21,1160,10,83.01,HK_2020_E459,BEAUTY GLORY,4,Z Purton,PZ,4,5,43,7,10 12 13 5,A S Cruz,CAS,4.8
134,2025-09-21,1070,8,83.11,HK_2023_J015,FIGHTING MACHINE,2,K Teetan,TEK,4-3/4,6,43,7,14 13 14 6,P C Ng,NPC,34
126,2025-09-21,1135,7,83.16,HK_2024_K319,INNO SUPER,8,L Ferraris,FEL,5,7,43,7,6 11 12 7,D Eustace,EDJ,52
125,2025-09-21,1182,5,83.3,HK_2024_K323,SUPERB GUY,9,R Kingscote,KRW,6,8,43,7,8 6 7 8,K W Lui,LKW,48
120,2025-09-21,1050,3,83.47,HK_2023_J294,TURF PHOENIX,12,D Probert,PDF,7,9,43,7,13 10 9 9,W Y So,SWY,121
122,2025-09-21,1015,4,83.65,HK_2024_K282,DIRIYA,10,C L Chau,CJE,8-1/4,10,43,7,3 4 2 10,C H Yip,YCH,22
120,2025-09-21,1070,11,83.66,HK_2024_K305,BULL ATTITUDE,11,L Hewitson,HEL,8-1/4,11,43,7,1 1 1 11,M Newnham,NM,12
132,2025-09-21,1166,1,83.67,HK_2024_K382,ALL ROUND WINNER,5,M L Yeung,YML,8-1/4,12,43,7,11 7 6 12,D A Hayes,HDA,27
134,2025-09-21,1146,6,83.98,HK_2024_K358,SEA CHARIOT,3,M Chadwick,CML,10-1/4,13,43,7,4 2 4 13,W K Mo,MWK,93
120,2025-09-21,1070,9,84.0,HK_2024_K143,RATTAN GALAXY,13,K C Leung,LDE,10-1/4,14,43,7,2 3 3 14,K L Man,MKL,16
129,2025-09-21,1150,1,98.82,HK_2023_J330,MOJAVE DESERT,4,A Atzeni,AA,-,1,44,8,7 7 4 1,M Newnham,NM,3.3
125,2025-09-21,1045,6,99.1,HK_2022_H161,ENDEARED,8,B Avdulla,AVB,1-3/4,2,44,8,12 10 8 2,J Size,SJJ,15
125,2025-09-21,1124,11,99.39,HK_2024_K094,NEW FOREST,9,L Hewitson,HEL,3-1/2,3,44,8,1 1 1 3,M Newnham,NM,5.1
120,2025-09-21,1063,2,99.84,HK_2024_K062,GLORIOUS SUCCESS,12,K Teetan,TEK,6-1/4,4,44,8,10 12 12 4,D Eustace,EDJ,10
127,2025-09-21,998,5,100.0,HK_2021_G209,RISING FROM ASHES,6,J Orman,OJM,7-1/2,5,44,8,9 9 9 5,C W Chang,CCW,21
132,2025-09-21,1110,9,100.1,HK_2022_H165,TURIN MASCOT,1,H Bowman,BH,8,6,44,8,11 11 11 6,P C Ng,NPC,35
131,2025-09-21,1034,7,100.3,HK_2023_J279,DRAGON AIR FORCE,2,M Chadwick,CML,9-1/4,7,44,8,5 5 5 7,P F Yiu,YPF,10
122,2025-09-21,1210,10,100.57,HK_2021_G223,ARIEL,3,P N Wong,WPN,11,8,44,8,6 3 6 8,D A Hayes,HDA,14
127,2025-09-21,1138,3,100.64,HK_2023_J200,NEVER PETER OUT,5,M L Yeung,YML,11-1/4,9,44,8,4 6 7 9,F C Lor,LFC,11
125,2025-09-21,1092,8,100.71,HK_2023_J486,CHILL KAKA,7,Z Purton,PZ,11-3/4,10,44,8,2 2 2 10,P F Yiu,YPF,5.2
121,2025-09-21,1135,4,101.13,HK_2022_H135,YOUNG BRILLIANT,11,K De Melo,DMK,14-1/2,11,44,8,3 4 3 11,C H Yip,YCH,38
122,2025-09-21,1180,12,102.14,HK_2024_K079,KINGDOM OF RICHES,10,H Bentley,BHW,20-3/4,12,44,8,8 8 10 12,C S Shum,SCS,118
